"url_perfil","Nome Anúncio","Email de Retorno"
"https://minitest.automaplay.com.br/promocao/746571ab9762fbf4ef7ff79788d6c3c3c66235dd","EUDESOARES","quimas@mycardcity.net"
"https://minitest.automaplay.com.br/promocao/9612f0df1e225ed41a9382e1a6b0a5b6d02d133a","LOOHRANY31","contatobr@mycardcity.net"
"https://minitest.automaplay.com.br/promocao/34d978fd545f77a835359e96a9cee33d92914741","FABRICIO.IMSTUDIO","felipe.millar.alfonso@gmail.com"
"https://minitest.automaplay.com.br/promocao/f5f345fe22fd2375671eb94b471705c001bfb231","CASA DOCE GELATERIA POR FABRICIO TONON","walter@spolidoro.com.br"
"https://minitest.automaplay.com.br/promocao/a13d5214eefb2e447e6e262aef6d698619b66281","DIAGNOPET","danjefssp@hotmail.com"
"https://minitest.automaplay.com.br/promocao/ac0206a522cb2f624c871ef91f96bc6404588066","BIOMUNDOGAMA","qualy.neg�cios@gmail.com"
"https://minitest.automaplay.com.br/promocao/5baced0764e66fd80b982cac23ec97d0e5e3f565","LBR CONSULTORIA","niltonnfn@gmail.com"
"https://minitest.automaplay.com.br/promocao/1cfde885a003a9497f80d97c4a52fb0739701966","maciel.analima","edmundo.braga@gmail.com"
"https://minitest.automaplay.com.br/promocao/6978891a041b0c05bcf25318528efaf3ec4d6369","DJULI7","henriquematos@hotmail.com"
"https://minitest.automaplay.com.br/promocao/9e3875ea8b4f4a0ef07602fac4dc311f55a44291","DULCESOARESALVES","pablo.quimas@gmail.com"
"https://minitest.automaplay.com.br/promocao/e38ab00449f371286d5d6b497e966b2fdb564113","BRTWO","simone.quimas@gmail.com"
"https://minitest.automaplay.com.br/promocao/f2159f794d6442b3da9d82ce353270362a07a9a7","VIANDELL PET","devkledisom@gmail.com"
"https://minitest.automaplay.com.br/promocao/083bc7187ee0c4fff9cbe58854d9f4a165b14500","GRUPOJBR","qualy.minisitio@gmail.com"
"https://minitest.automaplay.com.br/promocao/4e0525952c442d9a02ca631195a40bb7eb48da4b","FABIO.A.MARQUES","rubensbispo55@gmail.com"
"https://minitest.automaplay.com.br/promocao/d5249c73613fcac2573d54b63683f10124e83ea1","BIANCAPLIMA","quimas@mycardcity.net"
"https://minitest.automaplay.com.br/promocao/44fbf942802557ba18e8e9e95ccca815827a226b","FERNANDAMACRI","walter@spolidoro.com.br"
"https://minitest.automaplay.com.br/promocao/5a2705b1f5842e9c5ac29fdd8a8b54273e6fd28e","IGORPINHEIROCRIACAO","embaixadatcheca@gmail.com"
"https://minitest.automaplay.com.br/promocao/b4c3bed0e70da5876ccddd40569f1ddef5d71a07","CINTHIAMGM","quimas@mycardcity.net"
"https://minitest.automaplay.com.br/promocao/0656766e4befeceb01485faacb3b9d72a8e81c84","LETIII.AVANCINI","quimas@mycardcity.net"
"https://minitest.automaplay.com.br/promocao/3e1621249ca20c776419f19cc8fe30016b71089e","STUDIO DANIELA PANZA","thaysdomarketing@gmail.com"