"url_perfil","Nome Anúncio","Email de Retorno"
"https://minitest.automaplay.com.br/promocao/6530ca519fc205ba074becb664be0186e98eceec","testando",""
"https://minitest.automaplay.com.br/promocao/df747eea91e491de78eb9c9bfd67cfd11e9d3e1b","ADJANE.FOFA","ADJANE.FOFA@HOTMAIL.COM"
"https://minitest.automaplay.com.br/promocao/323058b8cf413c21ac58de63e570a34c62d4e5e2","GJM SERVICOS E TERCEIZACAO","SERVICOSGJM@GMAIL.COM"
"https://minitest.automaplay.com.br/promocao/3363cb7660f20d1133bd7fefe43c9e07f0b39148","DANIELYCOS","DANIELYCOS@HOTMAIL.COM"
"https://minitest.automaplay.com.br/promocao/8b72ef8a31df23e906ab88bb3f48def15dd745bf","damaso.adv","damaso.adv@gmail.com"
"https://minitest.automaplay.com.br/promocao/6b67c200936c13c137e75f03f30a1311880df5a0","JOSIANO DA SILVA - ANTENAS","josejoao1974@bol.com.br"
"https://minitest.automaplay.com.br/promocao/729b151cbc7870c48c45d49b0a45440202b5cad7","mkservicoscont","mkservicoscont@hotmail.com"
"https://minitest.automaplay.com.br/promocao/8f3e319c242e2f84bf59eeee5892880e2920f919","MARIADAPIEDADE200","MARIADAPIEDADE200@GMAIL.COM"
"https://minitest.automaplay.com.br/promocao/3d308b8a479e1b51b9a1a8428e42b6232c380972","JADSON CICLO MOTO PECAS","JADSONCICLOPECAS@GMAIL.COM"
"https://minitest.automaplay.com.br/promocao/8957a1cbe5b9a92f8bbc2eeec5e008ab9eb5b888","MAGAPREFERIDA","MAGAPREFERIDA@HOTMAIL.COM"
"https://minitest.automaplay.com.br/promocao/e16a5507d1d08ca81200758151588dbe0cb3886b","atualizar","atualizar"
"https://minitest.automaplay.com.br/promocao/7e81129feb994a676cac4d33e7ca3a0cd2c0097c","MANGABEIRAS CASA & CONSTRUCAO","ALLANVICTOR.ALMEIDA@HOTMAIL.COM"
"https://minitest.automaplay.com.br/promocao/de87f6bf5f1782cfc51f5aa755d007af1f5fecb2","ANTHONYVENT45","ANTHONYVENT45@GMAIL.COM"
"https://minitest.automaplay.com.br/promocao/6ca365e494a80d058bcff563627ac9688a1e5995","MERCADINHO SO OFERTAS ARAUJO","atualizar"
"https://minitest.automaplay.com.br/promocao/8786971343e84f2c2c7ccc26d942210e8e62e3ca","rvconfeccoess","rvconfeccoess@hotmail.com"
"https://minitest.automaplay.com.br/promocao/73ac3f19b7453cc317b0a9f4cf32fb4c152e5b3c","rosanatiburcio20","rosanatiburcio20@gmail.com"
"https://minitest.automaplay.com.br/promocao/513ee6a79212ccf69b029d18b7e9ff5270fbace6","ADAILTON3569ALVES","ADAILTON3569ALVES@GMAIL.COM"
"https://minitest.automaplay.com.br/promocao/8f53fd5b6d9085cb35fc9a74414a0694d7753110","edilsouza1965","edilsouza1965@hotmail.com"
"https://minitest.automaplay.com.br/promocao/f4715d796174f698e46bcd1c08d0b457d4ca8dbf","atualizar","atualizar"
"https://minitest.automaplay.com.br/promocao/41ba91ef05997db41954df083db73ccd4ad27a17","atualizar","atualizar"
"https://minitest.automaplay.com.br/promocao/573b2438b49e2a2c4f3cfaf22d7502a799567dc9","J P DOS SANTOS COMERCIO","TORQUATO.MELO@HOTMAIL.COM"
"https://minitest.automaplay.com.br/promocao/c7f3094eeb2324e15e82f7e8059e9cd7a0598d50","MKSERVICOSCONT","MKSERVICOSCONT@HOTMAIL.COM"
"https://minitest.automaplay.com.br/promocao/060ae513c1daca0dd4876c0912c8acc704be03da","CLARA MOVEIS MAGAZINE","CLARAMOVEISMAGAZINE@YAHOO.COM"
"https://minitest.automaplay.com.br/promocao/7792317549868ad100c07475cae0b546abe9d706","M C S DA SILVA COMERCIO","josejoao1974@bol.com.br"
"https://minitest.automaplay.com.br/promocao/8943c009948db4ffe33c6565f6a24a1afd1faf66","J G DA SILVA MINIMERCADO","JFSERVICOSCONT@BOL.COM.BR"
"https://minitest.automaplay.com.br/promocao/d46cd993682aa10f45d20c29894b48def2dab0f2","EDNILMAADVOCACIA","EDNILMAADVOCACIA@GMAIL.COM"
"https://minitest.automaplay.com.br/promocao/a8cd93a0950350a9f9a2d8e17d893c269c03991b","EDSONLOCUTOR15","EDSONLOCUTOR15@GMAIL.COM"
"https://minitest.automaplay.com.br/promocao/f63163662790c3462982f54c23cf989e8f7fae55","MKSERVICOSCONT","MKSERVICOSCONT@HOTMAIL.COM"
"https://minitest.automaplay.com.br/promocao/c1851b0210181d8f6ba2015d789aea76c6f95342","MARCONDES4","MARCONDES4@GMAIL.COM"
"https://minitest.automaplay.com.br/promocao/43276b3fae94f2b6538cb5a40d1f55aecf5bc3bc","JL MOTOPARTS","LEANDROMOTOS424@GMAIL.COM"
"https://minitest.automaplay.com.br/promocao/fb3674933070e3f1eeb2073d818b4c125b526ca0","FARMA CEL","atualizar"
"https://minitest.automaplay.com.br/promocao/5ce746fbfcf8d3490272286b3adad729cf384926","MDECARVALHO41","MDECARVALHO41@HOTMAIL.COM"
"https://minitest.automaplay.com.br/promocao/154bed7df043b08ffd52df6dafcaf81b035ad1e3","CARLOSBRANCAGLION13","CARLOSBRANCAGLION13@GMAIL.COM"
"https://minitest.automaplay.com.br/promocao/5c2b6b54c6a36d7325a3ec8efaecee2f0abdda96","MARCELO PEREIRA VANDERLEI SANTOS","jfservicoscont@bol.com.br"
"https://minitest.automaplay.com.br/promocao/2ee7c9c0cb57c8c01f7df5ba5cba85e27fb42b7a","CHENRIQUESR","CHENRIQUESR@HOTMAIL.COM"
"https://minitest.automaplay.com.br/promocao/7db63cb1e82c777344a379c02219ac2a4082db22","EDNA OLIVEIRA SOUZA MAIA","marcoscarnaubac@hotmail.com"
"https://minitest.automaplay.com.br/promocao/1346f5734bcf46ff8b7391f13adf3f11f4805d86","MERCADINHO SAO LUCAS","jfservicoscont@bol.com.br"
"https://minitest.automaplay.com.br/promocao/12842fa4224957505a1232c959150d16c297af77","MARCIADASILVADACONCEICAO4","MARCIADASILVADACONCEICAO4@GMAIL.COM"
"https://minitest.automaplay.com.br/promocao/f5ce98b8f01d3cbb45382b04db78f8af25932cc0","GLAUCOFARMA","GABRIELLA.VILELA16@HOTMAIL.COM"
"https://minitest.automaplay.com.br/promocao/bad131e2d9168f2d66fc279e83b64381fbc46d73","DEPOSITO DE BEBIDAS SANTO ANTONIO","CARLOSBRANCAGLION13@GMAIL.COM"
"https://minitest.automaplay.com.br/promocao/e71db5a09b78cfbfb84e4854794b0df2f60bb248","J F GAZ","atualizar"
"https://minitest.automaplay.com.br/promocao/232b88e9234169d97fc4571f87f5afb564ddf78c","P T DA COSTA","JFSERVICOSCONT@BOL.COM.BR"
"https://minitest.automaplay.com.br/promocao/5a7e8e79a38014e1c2513713f390bf7dd07368f6","JOSEEVERALINF2022","JOSEEVERALINF2022@GMAIL.COM"
"https://minitest.automaplay.com.br/promocao/694a87cbb87946d3f9e4052e945b0c90c28e0d37","ERALDO","ERALDO@HOTMAIL.COM"
"https://minitest.automaplay.com.br/promocao/f240bfe16ed17209b6492dc981c586ad4c9ada70","FERREIRAGIL1914","FERREIRAGIL1914@GMAIL.COM"
"https://minitest.automaplay.com.br/promocao/be1cb99f95f7d3ff6596560f45f127316139070e","moto7","moto7@outlook.com.br"
"https://minitest.automaplay.com.br/promocao/357ce52044bc0992485aab3ba5ebb7bce988b065","G C VIANA TRANSPORTES","atualizar"
"https://minitest.automaplay.com.br/promocao/49977221a3bc8623937f88816b007d2894e635df","MERCADINHO O BALAIO","CASADOCAMPOANADIA@HOTMAIL.COM"
"https://minitest.automaplay.com.br/promocao/891287e52baf3aa9755b3e92e6392febba561404","MKSERVICOSCONT","MKSERVICOSCONT@HOTMAIL.COM"
"https://minitest.automaplay.com.br/promocao/723e1ef883905fdff285e6321336f9917a6654ab","LATICINIOS BEIJA FLOR","atualizar"
"https://minitest.automaplay.com.br/promocao/3b62d6deb73ded6dc13fe4f4c9ca7d9a3a80820b","valdirotavio","valdirotavio@ig.com.br"
"https://minitest.automaplay.com.br/promocao/0f2314122e8226af39f15f1218dee90f0ed47b60","PANIFICACAO PADRE CICERO","atualizar"
"https://minitest.automaplay.com.br/promocao/a8ed2cbef2406f8b7171e0ffba1c87b762882ffa","MARIAALINEDEJESUSDOSSANTOS","MARIAALINEDEJESUSDOSSANTOS@GMAIL.COM"
"https://minitest.automaplay.com.br/promocao/21896a5b4c4d3ce3bde1e87fdcdb4d2b89bb4c99","LLSCORREIA2014","LLSCORREIA2014@GMAIL.COM"
"https://minitest.automaplay.com.br/promocao/ce17c88e76a33a318eb2512a984c4d0f21340ba6","CASSIOPORTOES","CASSIOPORTOES@HOTMAIL.COM"
"https://minitest.automaplay.com.br/promocao/82c5041f9ce7e5ec896ac7722fcb223604943e4f","atualizar","atualizar"
"https://minitest.automaplay.com.br/promocao/0a142634c70afcb57ea9296dd3b7453a17be4900","A F DOS SANTOS DE SOUZA COMERCIO","josejoao1974@bol.com.br"
"https://minitest.automaplay.com.br/promocao/3f8f454c32787795bb86825eb7260feb418cbf37","J P ANADIA REPRESENTACOES","JOAOPAULOOLIVEIRA769@GMAIL.COM"
"https://minitest.automaplay.com.br/promocao/4bb9b312e2dca99f9c9298c9e7f7a39bac75b211","pamela.melo507","pamela.melo507@gmail.com"
"https://minitest.automaplay.com.br/promocao/19fabbe9ab07ad2a9054d9bd8287fbe7580adb63","JULIANABISPODEOLIVEIRA7","JULIANABISPODEOLIVEIRA7@GMAIL.COM"
"https://minitest.automaplay.com.br/promocao/69424191877e1b142d23a84de90fd3e7b0500840","atualizar","atualizar"
"https://minitest.automaplay.com.br/promocao/dbe08f08b6b92144029c288a443235b3d225f6fb","joeltonn12","joeltonn12@gmail.com"
"https://minitest.automaplay.com.br/promocao/958c9163bac25767a476fd7b9368990b268979b6","FERRO E COSTA LTDA","ATENDIMENTO@REALCONTABIL-AL.COM.BR"
"https://minitest.automaplay.com.br/promocao/082111027d8bd62f39bee5d98745239bfdfb2102","ZELIA GOMES DA SILVA MINIMERCADO","JFSERVICOSCONT@BOL.COM"
"https://minitest.automaplay.com.br/promocao/384234aeaa16909d9457272b381d7ec9eeb7edff","MERCADINHO NOSSA SENHORA APARECIDA","TORQUATO.MELO@HOTMAIL.COM"
"https://minitest.automaplay.com.br/promocao/9fe6b678102d581671842bc4c92567654f009d2e","LARACARVALHO199","LARACARVALHO199@HOTMAIL.COM"
"https://minitest.automaplay.com.br/promocao/95e366025afc85849cc08bce84acce6a8394b5be","MORADA NOVA CONSTRUCAO LTDA","JAILSON_ACE@HOTMAIL.COM"
"https://minitest.automaplay.com.br/promocao/613a15bd5b2ec5590cb6bb5777c7591eafa008f1","SANDUBARIA DOG BURG","atualizar"
"https://minitest.automaplay.com.br/promocao/760cad49e7726d8ba73ea736dc8a29028ae92c66","tinho20002000","tinho20002000@yahoo.com.br"
"https://minitest.automaplay.com.br/promocao/5398fbde37faef6d711b7c17806940d6c6ead0e4","G-KLER","FELLYPEGOMES2702@GMAIL.COM"
"https://minitest.automaplay.com.br/promocao/dfa8cc7e9dc8d1c5f74227a1267d69f2a7fd928b","CLINICA E LABORATORIO + SAUDE","TORQUATO.MELO@HOTMAIL.COM"
"https://minitest.automaplay.com.br/promocao/1a3b91be3f8e1b0a3a788473909a3f9bf5151a1f","atualizar","atualizar"
"https://minitest.automaplay.com.br/promocao/842f76a68fc2f4715732f806510aecceb6e4c9e2","EMIRIELLE.CORDEIRO","emirielle.cordeiro@gmail.com"
"https://minitest.automaplay.com.br/promocao/4eb16b6336b414d08e5b5711b7f2d393d82f4362","KINHASALVES.LUCAS","KINHASALVES.LUCAS@GMAIL.COM"
"https://minitest.automaplay.com.br/promocao/56ade0872f4c9be15eef524337e98dab2a7b75ac","atualizar","atualizar"
"https://minitest.automaplay.com.br/promocao/c51a7d600ec1155ff36c83177e621d94510400b2","escritorioinovacaocontabil","escritorioinovacaocontabil@gmail.com"
"https://minitest.automaplay.com.br/promocao/0bbd98b0491c80a8c01678e083f6aabf7dae0130","cleodonsilveira","cleodonsilveira@hotmail.com"
"https://minitest.automaplay.com.br/promocao/8a7439cb09240b5bf8cb1d2bc7fae721757e7353","12.366.360 JACKSON SANTOS DE MELO","JACKLETREIROS2017@HOTMAIL.COM"
"https://minitest.automaplay.com.br/promocao/034dfada97c22e47da017f4c01a55b0dada757e5","BARROS LOCACAO","BARROSLOCACAOAL@GMAIL.COM"
"https://minitest.automaplay.com.br/promocao/239e0d7e0050c94c39afedef08a8beaf9cdacd81","VINICIUSPLAYER12345","VINICIUSPLAYER12345@GMAIL.COM"
"https://minitest.automaplay.com.br/promocao/5ff877306d653f854270c32ba93c50a7f6db4efe","M JOSE DA GRACA - COMERCIO","atualizar"
"https://minitest.automaplay.com.br/promocao/96ef5ffdf8475a7ee9988e51b958453dffed6c3b","JOZETESANTOS33","JOZETESANTOS33@GMAIL.COM"
"https://minitest.automaplay.com.br/promocao/0374737c281beff1ec342a66602d562302206936","DEVIDSANTOS13","DEVIDSANTOS13@HOTMAIL.COM"
"https://minitest.automaplay.com.br/promocao/740da6a9b252ce055ce6493a0a42a84f3699743e","J.ADECORPERSONALIZADOS","J.ADECORPERSONALIZADOS@GMAIL.COM"
"https://minitest.automaplay.com.br/promocao/f5629ce81649eb98fc5b9e4fa8f36517e3c0b373","RICARDOANADIA","RICARDOANADIA@HOTMAIL.COM"
"https://minitest.automaplay.com.br/promocao/6d1d8758d7f2b63b750056652d50e6db5cae4ff5","DIANET","DIANETPROVEDOR@GMAIL.COM"
"https://minitest.automaplay.com.br/promocao/1560619070dbc6736e9e7ec5ac3754f6b076b7f6","atualizar","atualizar"
"https://minitest.automaplay.com.br/promocao/8b18f96c9bc0c38538dd14d79fd78d584aab04f2","LEANDRO GAS","atualizar"
"https://minitest.automaplay.com.br/promocao/3c0b89f0a6cc8c80378726cfcb7a0f930fc44e42","atualizar","atualizar"
"https://minitest.automaplay.com.br/promocao/08f4f6be2628c5580ed3270bb5ffdb2cb745b96f","ARTHYSEVENTOS","ARTHYSEVENTOS@GMAIL.COM"
"https://minitest.automaplay.com.br/promocao/f7d9ab8993edf1bf44f764e91c6b706c4e76a978","RF TRANSPORTES","TORQUATO.MELO@HOTMAIL.COM"
"https://minitest.automaplay.com.br/promocao/b9fe6fc97d753eac7577fb56a3bea74dae06b9dd","atualizar","atualizar"
"https://minitest.automaplay.com.br/promocao/e503b16f783f985a61183c68edff8412c64dc1d4","BENEDITO SOUZA DOS SANTOS 43442110491","atualizar"
"https://minitest.automaplay.com.br/promocao/744f7121fe39d6379a7430eb28f3b75378bb8393","MERCADINHOMARCENA","MERCADINHOMARCENA@GMAIL.COM"
"https://minitest.automaplay.com.br/promocao/2fc3a1aa99a18d1e1100fe341631b0ec610dd5c6","MARI MODAS","josejoao1974@bol.com.br"
"https://minitest.automaplay.com.br/promocao/a5faf3996c47ac9b10f1683b178689f1887694a8","JOAO.VIITOR08","JOAO.VIITOR08@GMAIL.COM"
"https://minitest.automaplay.com.br/promocao/f46caaf5ecb989c30b3084f6bcef97271c306394","JOSUELITAMENEZES01","JOSUELITAMENEZES01@HOTMAIL.COM"
"https://minitest.automaplay.com.br/promocao/bd55c5da6f8ab9f7cf80e7c41dfda9e817b01293","LUCASOLIVEIRA123A","LUCASOLIVEIRA123A@HOTMAIL.COM"
"https://minitest.automaplay.com.br/promocao/aa10c59bf2f9867f2ca0b17ebbc122e093575fac","JOSE ARNALDO BARBOSA DA SILVA 67771475434","JFSERVICOSCONT@BOL.COM.BR"
"https://minitest.automaplay.com.br/promocao/60a665988554634c715a1d2a49bd9ad1b5ff36de","WILSON & FRIOS","MKSERVICOSCONT@HOTMAIL.COM"
"https://minitest.automaplay.com.br/promocao/d1c2be2098a1c685f2c9e00076dfac112ccb9d01","J P DOS SANTOS - ACADEMIA","josejoao1974@bol.com.br"
"https://minitest.automaplay.com.br/promocao/2578ea7311edb19d73170065064174e4fde849f8","TERRA & AGUA","FIDELISANTONIO@HOTMAIL.COM"
"https://minitest.automaplay.com.br/promocao/9bcd5a6bceb62bd46a2ce1403e0247f765c642a9","MARCELOJORGEGOVBR","MARCELOJORGEGOVBR@HOTMAIL.COM"
"https://minitest.automaplay.com.br/promocao/b7baa34a5e51ec76c6fcea39b28f85928fc2d5cf","NJ BOLACHAS E SALGADOS","NJBOLACHASESALGADOS2021@GMAIL.COM"
"https://minitest.automaplay.com.br/promocao/a2a62d5c6abbd0911be2d3b0b0bd45c8504c87f7","VILELALENA32","VILELALENA32@GMAIL.COM"
"https://minitest.automaplay.com.br/promocao/52777e475ace4c889003ecc02bec481449d6b102","PEIXARIA MANIA","JHONNYW335@GMAIL.COM"
"https://minitest.automaplay.com.br/promocao/eba36057fe759bdac27d64ffbce9a762ef6904ba","NANA.POLICARPO123","NANA.POLICARPO123@GMAIL.COM"
"https://minitest.automaplay.com.br/promocao/ee7f79967c24cbfebbd70d99f487a17d65c460e2","JACK.ANDRADE25S","JACK.ANDRADE25S@GMAIL.COM"
"https://minitest.automaplay.com.br/promocao/b20d53acf0c76ce9979391df80ac9778fac876c4","CASTRO & LIMA CONTABILIDADE PUBLICA","CASTROLIMAMEDEIROS@HOTMAIL.COM"
"https://minitest.automaplay.com.br/promocao/d5c2f722ab0f62ff1e63d3008477f9dd6b5fe4a7","atualizar","atualizar"
"https://minitest.automaplay.com.br/promocao/4f1fddf67f2a6608d35e90ef94905c287e89d5dd","jadsoncardoso2009","jadsoncardoso2009@hotmail.com"
"https://minitest.automaplay.com.br/promocao/a9746c09020424dc37b2a1f3c83310f3756226c4","TORQUATO.MELO","TORQUATO.MELO@HOTMAIL.COM"
"https://minitest.automaplay.com.br/promocao/4d86567e83b3d0d0bfa9483751edbb1243585864","BERNADETSANTOSSANTOSOLIVEIRA","BERNADETSANTOSSANTOSOLIVEIRA@GMAIL.COM"
"https://minitest.automaplay.com.br/promocao/510b06fb13827064db3200665ea6ea68fe0edd40","LUZIACAROLINE14","LUZIACAROLINE14@HOTMAIL.COM"
"https://minitest.automaplay.com.br/promocao/743588b07e6b1e667237e267f0ae5095946c2b93","jdesouzasantos","jdesouzasantos@hotmail.com"
"https://minitest.automaplay.com.br/promocao/01582f2133cc4318027defcd0df243b2e95057a6","FREIRE_ADVOCACIA","FREIRE_ADVOCACIA@HOTMAIL.COM"
"https://minitest.automaplay.com.br/promocao/3bc36233b2590e4b4bed64c9a554f26f5cbc7257","SUPERMERCADO MANGABEIRA","MANGABEIRAALIMENTOS@GMAIL.COM"
"https://minitest.automaplay.com.br/promocao/c14630eeabd32a764fe15da4709da77af57b9b30","LIDER AMBIENTAL","LIDERAMBIENTAL01@GMAIL.COM"
"https://minitest.automaplay.com.br/promocao/3a4b492c0987174eccae47a0742714c68463995c","MERCADO SANTA RITA","ADMINISTRATIVO@TORQUATOEMELO.COM"
"https://minitest.automaplay.com.br/promocao/1c160856b629cf8736d46b0008f306ffc7e9b854","atualizar","atualizar"
"https://minitest.automaplay.com.br/promocao/856b1ccff933b007b52d8ea39c574c933be657e8","mozilene_santos","mozilene_santos@hotmail.com"
"https://minitest.automaplay.com.br/promocao/df3d6fc4554866091e0d2afadfccd0aa9f3070bd","J G DEDETIZADORA","atualizar"
"https://minitest.automaplay.com.br/promocao/c52de0dc6e063eb0362d49f66b41a85952fada33","GHEYCEKELLY","GHEYCEKELLY@GMAIL.COM"
"https://minitest.automaplay.com.br/promocao/fcc39afb8ac7b1a2d52f764f50e8ef37ef6f3b7b","BREGALIGHT PRODUCOES E EVENTOS LTDA","JR.NUNESPET@GMAIL.COM"
"https://minitest.automaplay.com.br/promocao/7b9d9e43e2cccc07ff5908143b7a158b7614c778","DADE_CHS","DADE_CHS@OUTLOOK.COM"
"https://minitest.automaplay.com.br/promocao/a96d40d0f39623dccbc9485fe542d58e72ba8d66","DESCARTAVEIS & CIA","EMBALAGOAS@HOTMAIL.COM"
"https://minitest.automaplay.com.br/promocao/77179aeee64808beb7482e093794929ecc7ae222","JOELMACENEIRO","JOELMACENEIRO@GMAIL.COM"
"https://minitest.automaplay.com.br/promocao/3090ebcc6466c25bc674f63eaf27068c3c1e977d","FAZENDA MALHADA VELHA SERVICOS AGRICOLAS","PAULOHORTENCIO2012@HOTMAIL.COM"
"https://minitest.automaplay.com.br/promocao/a8c21bbb9d8b6da7b721b102921464b625378b02","MERCADINHO E AVICOLA NOSSA SENHORA DA PIEDADE LTDA","josejoao1974@bol.com.br"
"https://minitest.automaplay.com.br/promocao/2f14bf088a959ab871c636823f89ad8ea9e9cff5","AVICOLAS HORTI FRUTI","atualizar"
"https://minitest.automaplay.com.br/promocao/f0ef66d3dee8b2d7be91251e912eae11d78daf54","ALANEROCHA2020","ALANEROCHA2020@ICLOUD.COM"
"https://minitest.automaplay.com.br/promocao/7e062d7e3667a26607f78fbbfe5b433298cbbc66","J SANTOS COMERCIO","JFSERVICOSCONT@BOL.COM.BR"
"https://minitest.automaplay.com.br/promocao/43db7b156e300b8e217615bb4f67db40022326b3","M J CONSTRUTORA E VENDAS DE VEICULOS","CONTCERT.CONTABILIDADE@GMAIL.COM"
"https://minitest.automaplay.com.br/promocao/f215464cc30542431a80285e3c60a0bb2ce5df05","A B C MODAS","JAILSON_ACE@HOTMAIL.COM"
"https://minitest.automaplay.com.br/promocao/85a66baf4aff2e1283714197ae28064cba684946","NICOLASLINO65","NICOLASLINO65@GMAIL.COM"
"https://minitest.automaplay.com.br/promocao/3859f55e4e4891b0105d9be9423ab6b19d40c171","atualizar","atualizar"
"https://minitest.automaplay.com.br/promocao/de2dadbb7147aaa61844d8df45d06500503e601b","A T FONSECA COMERCIO","ALBERTOLUIZ@3RCONTABILIDADE-AL.COM.BR"
"https://minitest.automaplay.com.br/promocao/de8d44a88decb226e8eed52423c4e91205efa4be","JUA6073","JUA6073@GMAIL.COM"
"https://minitest.automaplay.com.br/promocao/e12cfa4afbed9c1534d274f961f33604bd26f4ed","NUTRE-CAMPO, TUDO EM NUTRICAO ANIMAL","GILBERTOLSJT@HOTMAIL.COM"
"https://minitest.automaplay.com.br/promocao/4b5d9e0b850554bb65859845f8611180fd2d8bfa","CASADOCAMPOANADIA","CASADOCAMPOANADIA@HOTMAIL.COM"
"https://minitest.automaplay.com.br/promocao/ce404e8c7bc2d0f4cf321e6da1d45001e8a3fc9d","PAULA MODAS E ECESSORIOS","JFSERVICOSCONT@HOTMAIL.COM"
"https://minitest.automaplay.com.br/promocao/efd82c211ec31cda99a2012f7f0f4a7dc39302cb","BRAZ GAS","JFSERVICOSCONT@BOL.COM.BR"
"https://minitest.automaplay.com.br/promocao/e2631be55272ec3edf742b19a1e1022ffbada5fe","CARLOS_MAGNO35","CARLOS_MAGNO35@HOTMAIL.COM"
"https://minitest.automaplay.com.br/promocao/3d122cd0e8213bd1b31c31b03920256d0fd5929a","COMERCIAL BASTOS","MADSONGOMES1992@GMAIL.COM"
"https://minitest.automaplay.com.br/promocao/edeef0178435da348b681a9d5c43a96a5ac52868","atualizar","atualizar"
"https://minitest.automaplay.com.br/promocao/2e443e3c2a4c8d403995273d7356a6c5f34c1b47","DAYANA NADJA GRIGORIO DOS SANTOS 06286463488","DAYANAGRIGORIO42@GMAIL.COM"
"https://minitest.automaplay.com.br/promocao/f4b8c14b84e93c6da8bf1d738b3e530fd69ae02e","atualizar","atualizar"
"https://minitest.automaplay.com.br/promocao/2ca15f307946283202bbe3fdd8b60767b99c908c","AVICOLA WM MERCEARIA","AQUIRESOLVEANADIA@HOTMAIL.COM"
"https://minitest.automaplay.com.br/promocao/23a4f12d927d26bfa672e368b01a0dd99d982271","CANDIDO.JUNIOR4","CANDIDO.JUNIOR4@GMAIL.COM"
"https://minitest.automaplay.com.br/promocao/34b0851bc09360f010f23c72fd08d2ded725f4c0","MSOARESCONTABILIDADE","MSOARESCONTABILIDADE@HOTMAIL.COM"
"https://minitest.automaplay.com.br/promocao/15302531977c02044a0bf1bdd5f3a7da225baba7","PB SUPERMERCADO","PBSUPERCONTABIL@HOTMAIL.COM"
"https://minitest.automaplay.com.br/promocao/54674af24e58d4472304f4e1d7fb35f347a3f6e1","CLAUDINOADRIELY","CLAUDINOADRIELY@GMAIL.COM"
"https://minitest.automaplay.com.br/promocao/c7ecf144c897da82ce5c077d9dcc4496cb2d9bd0","atualizar","atualizar"
"https://minitest.automaplay.com.br/promocao/08bad6d1358c6589f936f503b92e4c779ef5dc03","ADRIANA & FRIOS","MKSERVICOSCONT@HOTMAIL.COM"
"https://minitest.automaplay.com.br/promocao/69ef582e48507681ec54031ccac9a554e557670c","CLINICA BELA IMAGEM","TORQUATO.MELO@HOTMAIL.COM"
"https://minitest.automaplay.com.br/promocao/d11c82aff777bac3da44549a3cbde041138b213a","TRANSPORTADORA MOREIRA","infocont@redenordestecontabil.com.br"
"https://minitest.automaplay.com.br/promocao/797016ff9c75c35bc268f773ab675ca11b79f32c","FARMACIA SILVA","FARMACIASILVAMATRIZ@GMAIL.COM"
"https://minitest.automaplay.com.br/promocao/0a87792ca0df9842c3990577544ea66afe51665e","RITADECASSIAG27","RITADECASSIAG27@GMAIL.COM"
"https://minitest.automaplay.com.br/promocao/c7aea758d6890e0151ad7fad3294ab03300ff66a","R B DE LIMA MAGAZINE","CENTRALIZA.DANFE.CLIENTES@HOTMAIL.COM"
"https://minitest.automaplay.com.br/promocao/e020505bb8dc6192d79f573598d72608804e840b","micfs_anadia","micfs_anadia@hotmail.com"
"https://minitest.automaplay.com.br/promocao/d6605efbf3dd8dc1e5a75ff4b07371cf7af0140d","ALBERDAN20201","ALBERDAN20201@GMAIL.COM"
"https://minitest.automaplay.com.br/promocao/9205eba6a8072891bee7dcda21c1950cf60395d9","JR GAS","delsonfilhojr@hotmail.com"
"https://minitest.automaplay.com.br/promocao/af2251cee19699e8e8fb948c6d4fce8618f89f9a","atualizar","atualizar"
"https://minitest.automaplay.com.br/promocao/08a8b514b207a0ee588994f2429a3c553395d867","danyelcav","danyelcav@hotmail.com"
"https://minitest.automaplay.com.br/promocao/bb916d22bd62fc97fce0b9761463529bae31d7b0","atualizar","atualizar"
"https://minitest.automaplay.com.br/promocao/6b94ac10ac53a0121517682a600e4dbb383293b0","AS7168344","AS7168344@GMAIL.COM"
"https://minitest.automaplay.com.br/promocao/6a06c26d32e1e9fa307a8178e5881df13844d9a0","TORQUATO.MELO","TORQUATO.MELO@HOTMAIL.COM"
"https://minitest.automaplay.com.br/promocao/1034a4b9704289e99353cd399230d8a9da3da9ed","veronica-ped","veronica-ped@hotmail.com"
"https://minitest.automaplay.com.br/promocao/db59413d4169668eec49a172eb2a939edcb13642","ASSISBARBOSA","ASSISBARBOSA@MSN.COM"
"https://minitest.automaplay.com.br/promocao/06d803292afff4d6b5028c2081535bcc55b0eee6","CERQUEIRA MOTOS","CERQUEIRA.MOTOS@HOTMAIL.COM"
"https://minitest.automaplay.com.br/promocao/8970395b0ab1e666090667d70bb6ec09dd9e6149","ADRIANO_ALMEIDA2021","ADRIANO_ALMEIDA2021@OUTLOOK.COM"
"https://minitest.automaplay.com.br/promocao/a54c99c934e2d099eb1549e55e7c9ebe1f36c7c9","JAYMERSON","jaymerson@gmail.com"
"https://minitest.automaplay.com.br/promocao/7653de059b58d7bcdf81866a28f035d03f9b85af","D J SILVA DA FONSECA COMERCIO","JFSERVICOSCONT@BOL.COM.BR"
"https://minitest.automaplay.com.br/promocao/5382ce67727b8b04856fe658b09ad08bbbcbba38","J-ACONTABIL","J-ACONTABIL@HOTMAIL.COM"
"https://minitest.automaplay.com.br/promocao/574e3adf528a3f95ba29607f2ead735fdf742642","atualizar","atualizar"
"https://minitest.automaplay.com.br/promocao/6b088d0fe6b28afb8d56590486c5a708d5de429f","CONSTRULAR","JAILSON_ACE@HOTMAIL.COM"
"https://minitest.automaplay.com.br/promocao/2d8e077ec09237e8020c4b46e05fbf5809fa84c0","ALCI FITNESS ACADEMIA","ALCIONE_PEDROSA@HOTMAIL.COM"
"https://minitest.automaplay.com.br/promocao/04b04c62cd14753d023d7c901ace4c559f70b0d9","ALETEIXEIRAFO95","ALETEIXEIRAFO95@GMAIL.COM"
"https://minitest.automaplay.com.br/promocao/e6248948607e200edafd535ee85c5b62cea3aeee","M.FRANCIELLEADM","M.FRANCIELLEADM@HOTMAIL.COM"
"https://minitest.automaplay.com.br/promocao/fe3b90854671354a80a1cf2bdc01d147fb1c4d7c","PWS INFORMATICA & BRINQUEDOS","PAULOWSMTI@HOTMAIL.COM"
"https://minitest.automaplay.com.br/promocao/16dcb8cbd33ff862d563713cb5f1ae23e6061173","DANIELTONPEREIRADOSSANTOS28","DANIELTONPEREIRADOSSANTOS28@GMAIL.COM"
"https://minitest.automaplay.com.br/promocao/c1e14483869698bc8018eb1e03f22d240fa3cc5a","JEFFERSON.SANTOSJMS","JEFFERSON.SANTOSJMS@GMAIL.COM"
"https://minitest.automaplay.com.br/promocao/d5bcb231e84460a418ae0e7610d9d052760e8f54","URDIY86","URDIY86@GMAIL.COM"
"https://minitest.automaplay.com.br/promocao/004e9e742aababc5be4b846e160c53afcdc3cdf9","RONALDONUNESCASTRO","RONALDONUNESCASTRO@HOTMAIL.COM"
"https://minitest.automaplay.com.br/promocao/16bb421b4640e51f2e7f2e11b50a1026f1e41b8f","M P VANDERLEI SANTOS SUINOCULTURA","jfservicoscont@bol.com.br"
"https://minitest.automaplay.com.br/promocao/c6eaa23d172b03f267eda448f54e0a9196067a7f","SS8847770","SS8847770@GMAIL.COM"
"https://minitest.automaplay.com.br/promocao/552acb51735cb7e34cdb577d2d37a427c2ced5e8","INTEGRA CONSTRUCOES","PROCONTA.ANADIA@HOTMAIL.COM"
"https://minitest.automaplay.com.br/promocao/f79603d5d83e7f656289d78020bcad0a7538851a","atualizar","atualizar"
"https://minitest.automaplay.com.br/promocao/1885a782b4f83290c1c07c3585e1ba6a368f0ab0","BRUNO.SAN2","BRUNO.SAN2@LIVE.COM"
"https://minitest.automaplay.com.br/promocao/c7cf1bc4de2323f299198b8f08a126b8fe1b8975","J.J.LUCASANTOS","J.J.LUCASANTOS@GMAIL.COM"
"https://minitest.automaplay.com.br/promocao/67c7ca38ee4bb9154b0a835078f6befca423aa41","VAGNER.S.LIRA","VAGNER.S.LIRA@HOTMAIL.COM"
"https://minitest.automaplay.com.br/promocao/244b57ae8fe597a1e94c2ff6bb1a4f940b0df43b","SOUZA78","SOUZA78@HOTMAIL.COM"
"https://minitest.automaplay.com.br/promocao/24633a1351fc649225da7456fb24fcc2f5a232ef","SAO PEDRO TRANSPORTES","proconta.anadia@hotmail.com"
"https://minitest.automaplay.com.br/promocao/4fc70e36b531b6d9a76f2f04b686aabc276542da","B H TELECOM","FIBRATELECOM664@GMAIL.COM"
"https://minitest.automaplay.com.br/promocao/ce55819538838dd16843bee188fd222e2d5ed4b3","ALICESILVA10926","ALICESILVA10926@GMAIL.COM"
"https://minitest.automaplay.com.br/promocao/607266baa44484df5eda3d08d9853c334094bfc2","cristina-torquato","cristina-torquato@uol.com.br"
"https://minitest.automaplay.com.br/promocao/3292fd8c7556c9f79412e0d0e3528a4a577edede","JONASMA61","JONASMA61@GMAIL.COM"
"https://minitest.automaplay.com.br/promocao/b38d6a559cfb4fef17f4c722b37bc53e81a19d35","atualizar","atualizar"
"https://minitest.automaplay.com.br/promocao/7e6a7e419bbb7a8bd3d96b247ab2ac0fd59a7232","atualizar","atualizar"
"https://minitest.automaplay.com.br/promocao/f8fc3e8b40e3bbafafbddc5cee8c5e38f387a35a","JOSYSOM","JOSYSOM@HOTMAIL.COM"
"https://minitest.automaplay.com.br/promocao/1ae5c9e9779673beeb62dda0d3f9c9abd9b1b173","MSOARESCONTABILIDADE","MSOARESCONTABILIDADE@HOTMAIL.COM"
"https://minitest.automaplay.com.br/promocao/8c30e76c07d1e59904a4cfae913ab09fd2566d8e","ONIVALDO CORDEIRO DA SILVA 04801879403","atualizar"
"https://minitest.automaplay.com.br/promocao/84cb53547fcaf548df2d93c44322cbb92ac4c5a1","JOSEMARTEIXEIRA","JOSEMARTEIXEIRA@OUTLOOK.COM.BR"
"https://minitest.automaplay.com.br/promocao/bab0884da59ad88a8900f5d5f8c925ee66b5adc4","IGOR.COSTA","IGOR.COSTA@TELEQUIPEPROJETOS.COM.BR"
"https://minitest.automaplay.com.br/promocao/2440274b23f833129c6864e9a2f44c22dee031eb","atualizar","atualizar"
"https://minitest.automaplay.com.br/promocao/21ff0a0ee9e2313a6790bf72ce4964601eec016e","FUNERARIA SAO PAULO","GBFUNERARIA@GMAIL.COM"
"https://minitest.automaplay.com.br/promocao/d9b9fa6e1944825f26d106d4ef70043445024d97","STUDIO TC","TIAGO_CEREBRO@HOTMAIL.COM"
"https://minitest.automaplay.com.br/promocao/46d03ae4c74b1529c6ec8e2f6e12ecc01214ee0f","atualizar","atualizar"
"https://minitest.automaplay.com.br/promocao/e9b731179c2e33171dc9800f4843c291820f36ec","atualizar","atualizar"
"https://minitest.automaplay.com.br/promocao/57ae30cb5b7b005edfd96f496865244d114a125d","atualizar","atualizar"
"https://minitest.automaplay.com.br/promocao/2065c34f84891c6f46b32cf06ff17daffb5d0c50","atualizar","atualizar"
"https://minitest.automaplay.com.br/promocao/f566b16cfe93ff437661c7c8784c1df2f8768c92","R2D SOLUCOES SUSTENTAVEIS","R2D.SOLUCOESSUSTENTAVEIS@GMAIL.COM"
"https://minitest.automaplay.com.br/promocao/43b70cb5bb71c7a0c851decf6cf1bf0369260273","ANGEL MODAS","ANGELMODASVSG@HOTMAIL.COM"
"https://minitest.automaplay.com.br/promocao/51e8fa0e21449bb038d7bd836b3ca25f301af149","J PEREIRA DE MELO - COMERCIO","josejoao1974@bol.com.br"
"https://minitest.automaplay.com.br/promocao/9222d4a1c6e72229b447c3ab53111fa64755f05b","JORGEPAPAO25","JORGEPAPAO25@GMAIL.COM"
"https://minitest.automaplay.com.br/promocao/c206989b99d87a04e35fc47102c7a3377e221475","DEPARTAMENTOFISCALWA","DEPARTAMENTOFISCALWA@HOTMAIL.COM"
"https://minitest.automaplay.com.br/promocao/6374112ba8480302dddc62e020dc10cde9edb42d","atualizar","atualizar"
"https://minitest.automaplay.com.br/promocao/34141a71720edb0c12d280c3f08f5d2c83b509a2","BOMBONIERE KI BOMBOM","jj-cia@bol.com.br"
"https://minitest.automaplay.com.br/promocao/bb41853dbfa251be12bf8a51d996e62583b50442","AVICOLA E VARIEDADES PAGUE MENOS","MKSERVICOSCONT@HOTMAIL.COM"
"https://minitest.automaplay.com.br/promocao/c71a380f7456af8fcc23c3c4fefbb56b36c79efb","JOSEFAROZENO00","JOSEFAROZENO00@GMAIL.COM"
"https://minitest.automaplay.com.br/promocao/32dd2a100e0eee284f1678d8bdefd670b731957b","pr.marcosflorencio","pr.marcosflorencio@hotmail.com"
"https://minitest.automaplay.com.br/promocao/6209bed87f2fe031758d9de49a8086dff1a3c0f6","atualizar","atualizar"
"https://minitest.automaplay.com.br/promocao/214806c3bf1b91b83241201557874ddf5e923f77","ROGERIO DA SILVA SANTOS TRANSPORTES","JAILSON_ACE@HOTMAIL.COM"
"https://minitest.automaplay.com.br/promocao/5c6dd1b5c44f732d9b4b4c492f66a93b73ef3b74","VALDENIZELIMA82","VALDENIZELIMA82@GMAIL.COM"
"https://minitest.automaplay.com.br/promocao/c84a8cffe386323da3f9cbaa64813644002c15da","JC760708","JC760708@GMAIL.COM"
"https://minitest.automaplay.com.br/promocao/a9b18526cd122330e1de3c1affea1fd25c352e6b","LEMONATUS NUTRACEUTICOS","GABRIELLA.VILELA16@HOTMAIL.COM"
"https://minitest.automaplay.com.br/promocao/48fb32d71672ed6214098538c964ece69639b514","GERALDO.SILVASAN","GERALDO.SILVASAN@HOTMAIL.COM"
"https://minitest.automaplay.com.br/promocao/b9c865aab532f2126bda4e7065226c731b0fc266","ANGELASANTOS0875","ANGELASANTOS0875@GMAIL.COM"
"https://minitest.automaplay.com.br/promocao/9992ed1ebd1eb985982c47485df235306270d7d8","franklin1212","franklin1212@outlook.com.br"
"https://minitest.automaplay.com.br/promocao/df42dcd75bf22fca283aa7c7d8a50b803e5d570a","COLEGIO SAO PEDRO","TORQUATO.MELO@HOTMAIL.COM"
"https://minitest.automaplay.com.br/promocao/cec3db990897c20d64310916e3a0a011ebb8d651","ciceromiguel1478","ciceromiguel1478@gmail.com"
"https://minitest.automaplay.com.br/promocao/b108484dc4bb038c23cc9878ef218e6524e137d9","vgama060","vgama060@hotmail.com"
"https://minitest.automaplay.com.br/promocao/4bbeea7600a32e7ff7e50171e1c99ae9a707ea24","LUIZFELIPEMOTOPECAS","LUIZFELIPEMOTOPECAS@GMAIL.COM"
"https://minitest.automaplay.com.br/promocao/085e205afb8a1e3d53149151bffff5010c200fa5","ROGERIODEZ10","ROGERIODEZ10@HOTMAIL.COM"
"https://minitest.automaplay.com.br/promocao/424bd9b9a1daa24c1ea0acff21418ba8b2953c0c","atualizar","atualizar"
"https://minitest.automaplay.com.br/promocao/418aecfbbe9fc8fd3bb2ce2fb053f12ea4acdce8","JUNIORS","TORQUATOMARCIA06@GMAIL.COM"
"https://minitest.automaplay.com.br/promocao/ec7f8dc41065cd587b3af86668a140581ec8dd12","MUNIZCONTABIL1999","MUNIZCONTABIL1999@GMAIL.COM"
"https://minitest.automaplay.com.br/promocao/a3cd90f0a2a6a333350b2874ea4711d7ba8ecd9f","ADRIANA23TEIXEIRA","ADRIANA23TEIXEIRA@GMAIL.COM"
"https://minitest.automaplay.com.br/promocao/c219843e2455c5c7b0d14bcda668cd1dba2752b2","SERVCON","SERVCON@SERVCONCONTAB.COM.BR"
"https://minitest.automaplay.com.br/promocao/2e6c18ce8fa40f97815b087d4c9f98a05442ba03","VIALE PASSEIOS","ALETEIXEIRAFO95@GMAIL.COM"
"https://minitest.automaplay.com.br/promocao/f1268546ffac3a455a3ae862f77fe4772c3edc9f","DENISMOTOS2024","DENISMOTOS2024@OUTLOOK.COM"
"https://minitest.automaplay.com.br/promocao/92960113b558b62ebf3c3d3aa8c4f107a121d483","Danibiahcc","Danibiahcc@gamil.com"
"https://minitest.automaplay.com.br/promocao/2b844ac2488c97b2e22170be89549c7ef04bb21b","AGROTUDO PRODUTOS AGROPECUARIOS","MKSERVICOSCONT@HOTMAIL.COM"
"https://minitest.automaplay.com.br/promocao/d71ba627d63436b422aaadd38daa056f29c65f0c","MEDEIROS MODAS","JFSERVICOSCONT@BOL.COM.BR"
"https://minitest.automaplay.com.br/promocao/f1fa21c704c5c1e1282c80b79514ce414637c940","JAILSON.GEL50","JAILSON.GEL50@GMAIL.COM"
"https://minitest.automaplay.com.br/promocao/414e0478df987027c62bb75f074b3ba15afd8836","R E SILVA PEREIRA","DAVIDCOUTINHONEVES@HOTMAIL.COM"
"https://minitest.automaplay.com.br/promocao/48567fcbfa7e6fe8a8be26084fa4099fffd1b766","WAGNERCLAUDINOTST","WAGNERCLAUDINOTST@GMAIL.COM"
"https://minitest.automaplay.com.br/promocao/babd5821780e1028dd688061f16f62243f2b5a7f","VANDILZASANTOSGRACA","VANDILZASANTOSGRACA@HOTMAIL.COM"
"https://minitest.automaplay.com.br/promocao/e646391c644b4009081618e977826a6dbc67d94d","FIGRORIFERO E MERCADINHO ANADIA","atualizar"
"https://minitest.automaplay.com.br/promocao/f2cddde9378c5721167abfce117de763d8b753da","rosileny_tenorio","rosileny_tenorio@hotmail.com"
"https://minitest.automaplay.com.br/promocao/19ebf974b256899a0be1d1f64bef30dcab6c25c6","antoniocarlospb","antoniocarlospb@hotmail.com"
"https://minitest.automaplay.com.br/promocao/40685821ea647271d2b8003bf4ac370158943c65","PATRICIA.CM.18","PATRICIA.CM.18@HOTMAIL.COM"
"https://minitest.automaplay.com.br/promocao/df711051c60edc0fa19634cedb983d1e84aac7a9","MARIA PITANGA","LYONNARABL@HOTMAIL.COM"
"https://minitest.automaplay.com.br/promocao/7d95e67f67e207155625c15b5333184217385318","NMI SOLUCOES AGRICOLAS & AMBIENTAIS","INAJAL_18@HOTMAIL.COM"
"https://minitest.automaplay.com.br/promocao/0d82cc64042cc7100c1844179fbf825c4e344866","VANDERLEY GAS","atualizar"
"https://minitest.automaplay.com.br/promocao/fa42a2241b71ede722cb4e9cd7a27f88ff0e5b28","NATALICIO & FRIOS","MKSERVICOSCONT@HOTMAIL.COM"
"https://minitest.automaplay.com.br/promocao/d93e8bd9cd9985343cb0cf0d35a39723719d37bf","atualizar","atualizar"
"https://minitest.automaplay.com.br/promocao/f629376bff89b51353a2f828ee4d6fec5f6c15b7","GELGRAVACOES","GELGRAVACOES@GMAIL.COM"
"https://minitest.automaplay.com.br/promocao/b6543f4b450dfd48682447b1142b8f28dd6efeba","MERCADINHO E AVICOLA SAO JOSE","MKSERVICOSCONT@HOTMAIL.COM"
"https://minitest.automaplay.com.br/promocao/66851d21381a844fbe562711457e21879b9764ec","M DA CONCEICAO SANTOS CORREIA VESTUARIO","JFSERVICOSCONT@BOL.COM.BR"
"https://minitest.automaplay.com.br/promocao/8c6ab5943487afe77931c79932a085205028b767","GB FESTAS E EVENTOS","GINALDOBONIFACIOBM22@GMAIL.COM"
"https://minitest.automaplay.com.br/promocao/ae89cb17403a22e7449d5b6f807369fab220700e","atualizar","atualizar"
"https://minitest.automaplay.com.br/promocao/83dda404a8162381c85becc5be0859f64bc7fd09","paullofausto","paullofausto@gmail.com"
"https://minitest.automaplay.com.br/promocao/dbfa5578b23686fd946a10f19978acd3f458000d","josejoao1974","josejoao1974@bol.com.br"
"https://minitest.automaplay.com.br/promocao/8f82157112ad96b158016d2138973327a2500a61","DELMAP.MIRANDA","DELMAP.MIRANDA@HOTMAIL.COM.BR"
"https://minitest.automaplay.com.br/promocao/b9b72cee9d87d762a723ee5673d728ba71cfad70","BENEDITO FAGUNDES TRANSPORTES","josejoao1974@bol.com.br"
"https://minitest.automaplay.com.br/promocao/3f90ab93fb23cfa27f24c78076b589e1aa79278a","ec","ec@fmt.com.br"
"https://minitest.automaplay.com.br/promocao/b88d52e405d6201b7e355fdb7249edff8ab28cc5","THALLESLIMA.TL8","THALLESLIMA.TL8@GMAIL.COM"
"https://minitest.automaplay.com.br/promocao/ed44ea0964c52ce51e77b5d93ec39149b3008f56","DOUGLAS FRIOS","RAILDAP184@GMAIL.COM"
"https://minitest.automaplay.com.br/promocao/2d0f1edddb6ac9a8d7db9c0b737cd134c691f05b","Eelizabethkassia","Eelizabethkassia@hotmail.com"
"https://minitest.automaplay.com.br/promocao/1d8d80e537b020ced819e8ccdb6a25b3c2b8ab44","atualizar","atualizar"
"https://minitest.automaplay.com.br/promocao/b31916f12f92ad3baebf594be2fd9c4776bb2fb6","atualizar","atualizar"
"https://minitest.automaplay.com.br/promocao/e97b49b8d4657272e43f52d8df15ccfbca097e9c","JPS DEDETIZACAO","JPSDEDETIZACAO@HOTMAIL.COM"
"https://minitest.automaplay.com.br/promocao/61aac16e9e2ec54a2c2e33019e55ccf6f37e70f8","ELYJAMESSOARES","ELYJAMESSOARES@GMAIL.COM"
"https://minitest.automaplay.com.br/promocao/761cf243da47bc0b2cc7516a48fc78c6ab56bbd1","SERVICOS MEDICOS SANTOS","ERYCAA.THAIS@GMAIL.COM"
"https://minitest.automaplay.com.br/promocao/86c056ed12f75c265f228285448d1221412be515","T A DOS SANTOS COMERCIO","ADMINISTRATIVO@TORQUATOEMELO.COM"
"https://minitest.automaplay.com.br/promocao/6e3863e1976579e4692063d11947c990e5d54c85","M.S. DE MELO TRANSPORTES","proconta.anadia@hotmail.com"
"https://minitest.automaplay.com.br/promocao/513ea48555556125ade29d4ca03228ed292b5185","atualizar","atualizar"
"https://minitest.automaplay.com.br/promocao/92cb8471eb9f4d6182db5b0bc03eb86bb7bc9232","AVICOLA SAO FRANCISCO","claudio.barbosa.1974@hotmail.com"
"https://minitest.automaplay.com.br/promocao/3678f4d4c537a6030b9047bdd7610d93687d8e08","atualizar","atualizar"
"https://minitest.automaplay.com.br/promocao/929a9ef8435993110899e940ab87252b657c0066","MERCADINHO SAO SEBASTIAO","josejoao1974@bol.com.br"
"https://minitest.automaplay.com.br/promocao/cde5c462320fb6fa02e09fcc0ec6e83a06f19e35","atualizar","atualizar"
"https://minitest.automaplay.com.br/promocao/3b9fb1ed0474116eb9daf3bdd374dbc372e594ae","IZABELSARASARA","IZABELSARASARA@GMAIL.COM"
"https://minitest.automaplay.com.br/promocao/01a29e2750ef493fd873b6f6405ade45e7a9b790","MERCADINHO SANTO ANTONIO","TORQUATO.MELO@HOTMAIL.COM"
"https://minitest.automaplay.com.br/promocao/944d0ff15049e83baad7b87415d126cd088aa1d0","L R REPRESENTACOES","ARNALDOJUNIOR26@HOTMAIL.COM"
"https://minitest.automaplay.com.br/promocao/65bba4dee2c7ff6dbdd0737782403e7ef6257116","JVICTORCELL98","JVICTORCELL98@GMAIL.COM"
"https://minitest.automaplay.com.br/promocao/db04598c3c5c4f62a65cd08ce5313963b5bd189f","MARIAJOSEANADIA","MARIAJOSEANADIA@OUTLOOK.COM"
"https://minitest.automaplay.com.br/promocao/ba64452a093c903ff51cb7026b1fe5b1de4c4660","ROSECAMILAALVESDOSSANTOS","ROSECAMILAALVESDOSSANTOS@GMAIL.COM"
"https://minitest.automaplay.com.br/promocao/4ea9565b819ba83ed5e2dcf5dba7ddd312cab4d7","LULUEI","ADMINISTRATIVO@TORQUATOEMELO.COM"
"https://minitest.automaplay.com.br/promocao/c1a3c63bd9cb1b0bd868cada13e2df2a93350b90","clesivaldosantosbarbosa","clesivaldosantosbarbosa@hotmail.com"
"https://minitest.automaplay.com.br/promocao/55caa0d14f3ea33f096b76911741c3a3f1095e13","SILVIA.TELES.BR","SILVIA.TELES.BR@GMAIL.COM"
"https://minitest.automaplay.com.br/promocao/5035f7df121e013ddd5796e2a583312fe9dba811","A. NASCIMENTO PALMEIRA","atualizar"
"https://minitest.automaplay.com.br/promocao/cacc80456c7e14f59e7cc372c5ecad0cb861db8b","MERCADINHO SOUZA","JAILSON_ACE@HOTMAIL.COM"
"https://minitest.automaplay.com.br/promocao/ca267795a960c0f4f9614c59fa45083cbe8ed4d4","lucenadaniele89","lucenadaniele89@hotmail.com"
"https://minitest.automaplay.com.br/promocao/960b9ec5075e69e8dec2f35632f490dfbf91f084","CARDOSO VEICULOS","FREIRE_ADVOCACIA@HOTMAIL.COM"
"https://minitest.automaplay.com.br/promocao/2f2f5271841fc984fde427c9d4f950e040a339fd","MAYALBUQUERQUE13","MAYALBUQUERQUE13@GMAIL.COM"
"https://minitest.automaplay.com.br/promocao/ee1d4d49bc9936dcc45c84a62b8fbc4f530ab858","JACY2195","JACY2195@GMAIL.COM"
"https://minitest.automaplay.com.br/promocao/ae451a96236a30b6eae1170db2c5398974f72314","RODOLFRIOREFRIGERACAOELETRICA","RODOLFRIOREFRIGERACAOELETRICA@GMAIL.COM"
"https://minitest.automaplay.com.br/promocao/0dccad7322a3966156d1c7286dd8859d65d586fa","PHOTOPEDRO2","PHOTOPEDRO2@GMAIL.COM"
"https://minitest.automaplay.com.br/promocao/2a424f8d101804c3d729ee1cd233dd82226e0dbe","carlinhabarbosa17","carlinhabarbosa17@hotmail.com"
"https://minitest.automaplay.com.br/promocao/ee212cc1aadee18206c771898701a443ae7b271e","JEFFERSON VIEIRA DE SOUZA","JEFFERSONVIEIRA18@HOTMAIL.COM"
"https://minitest.automaplay.com.br/promocao/b91373b2cd2aedf920e704b3f4b4ef936e44add4","MELKSEDEQUE94","MELKSEDEQUE94@GMAIL.COM"
"https://minitest.automaplay.com.br/promocao/1e18efe87c08818d7905c7de2c8eca21d00b3d88","ROSEJUSTINO83","ROSEJUSTINO83@GMAIL.COM"
"https://minitest.automaplay.com.br/promocao/9e43e95d658d89e6b9083ea10dd9c2e4ca4dfc84","HIPER CENTER SUPERMERCADO BELA VISTA","EMMANUELFERROF@HOTMAIL.COM"
"https://minitest.automaplay.com.br/promocao/a7c91369b32a732e4962a132022af348e11fa2c6","ARTUR100-SOUZA","ARTUR100-SOUZA@LIVE.COM"
"https://minitest.automaplay.com.br/promocao/a841d1465977ad7de47be6a8dbfc5108fb6b76f8","BRUNOJORDCDA","BRUNOJORDCDA@GMAIL.COM"
"https://minitest.automaplay.com.br/promocao/241d14177e00ea2b3dc9835e87f64741c44ff337","atualizar","atualizar"
"https://minitest.automaplay.com.br/promocao/cd0d0ac4a99665c832dfb823f45861b1434782ee","PAULOCC.UFAL","PAULOCC.UFAL@GMAIL.COM"
"https://minitest.automaplay.com.br/promocao/c76f635a7e07a6286889510f5af0fa44c5268957","LOTERIA RUMO DA SORTE","jailson_ace@hotmail.com"
"https://minitest.automaplay.com.br/promocao/6563fd8431b1ab9cff233378e696f92a5c06924a","atualizar","atualizar"
"https://minitest.automaplay.com.br/promocao/0fbce7f656daeabcfede0388c6f47f987c6cca77","VR.VARIEDADES.AL","VR.VARIEDADES.AL@GMAIL.COM"
"https://minitest.automaplay.com.br/promocao/630df7937a8f112078f8050cfbf6dfc3afe4c3fe","atualizar","atualizar"
"https://minitest.automaplay.com.br/promocao/e30c3d34c08b6e1464c9167441c64e19d8a1ec6f","WAGNERCLAUDINOTST","WAGNERCLAUDINOTST@GMAIL.COM"
"https://minitest.automaplay.com.br/promocao/0e5e1834acd0191960c5f4f9977b5523fb3fd384","MARIA DE FATIMA TORQUATO DOS SANTOS 98638025491","jaimilson02@hotmail.com"
"https://minitest.automaplay.com.br/promocao/f5eaaff969135b01ff18438c80bb51797d5d9915","GOMES TRANSPORTES","MKSERVICOSCONT@HOTMAIL.COM"
"https://minitest.automaplay.com.br/promocao/261a20fa184036460f463d975c570f40ff43faf7","HENRIQUEALVES1996BLE","HENRIQUEALVES1996BLE@GMAIL.COM"
"https://minitest.automaplay.com.br/promocao/5ba8cdd9279ae8959dfebb02c358cc220663122b","NJ DOCES & SALGADOS","MKSERVICOSCONT@HOTMAIL.COM"
"https://minitest.automaplay.com.br/promocao/29581b152d2f16a9f5115ff2ee21ae87884f1365","MOTO7","MOTO7@OUTLOOK.COM.BR"
"https://minitest.automaplay.com.br/promocao/a10ca7e3d5d34693f916dca9604b7f5c9f29fcbc","SOUZAVIDROS","SOUZAVIDROS@YMAIL.COM"
"https://minitest.automaplay.com.br/promocao/574eea3cba6cf85f1f41df31da214ad26fa7163b","JOSIVALDOAMANCIO.MEI","josivaldoamancio.mei@gmail.com"
"https://minitest.automaplay.com.br/promocao/952d84a1dc3d4681775cbafcbb7829000abb9c70","kaioemile","kaioemile@hotmail.com"
"https://minitest.automaplay.com.br/promocao/bba01649f8d29cc377f28683a5a807c26e8e044b","MARCELADACCB","MARCELADACCB@GMAIL.COM"
"https://minitest.automaplay.com.br/promocao/8ef1296f8d3aee5a424fd6c7b62ecb519f9cd4b3","OFICINA SANTO ANTONIO","atualizar"
"https://minitest.automaplay.com.br/promocao/88513df090a2a389dc7b709af84b25567d8db1c9","FREIRE SEGURANCA","atualizar"
"https://minitest.automaplay.com.br/promocao/32ba7f05052a417df33dfb4ae15ff8adb08e82af","WELLINGTON FRIOS","atualizar"
"https://minitest.automaplay.com.br/promocao/fb17fc5c2abdf32a1b49f16df199858523cdb076","CARLOSBRANCAGLION13","CARLOSBRANCAGLION13@GMAIL.COM"
"https://minitest.automaplay.com.br/promocao/6aa4c45a11e9d6ce5501842205ab47d204c58eda","LUYLTONARAUJO967","LUYLTONARAUJO967@GMAIL.COM"
"https://minitest.automaplay.com.br/promocao/c9f3520e223e3577c8d4a93f1b690d6f3bd06eba","ANAPAULACORDEIRO417","ANAPAULACORDEIRO417@GMAIL.COM"
"https://minitest.automaplay.com.br/promocao/6ad1068dc4d7b3a6e69a94fa3a4205fdde924040","3LT BRASIL","eudes@gmail.com"
"https://minitest.automaplay.com.br/promocao/672f1408c9cf377b34dc11c282ac15777646485c","MINISITIO.NET","contatobr@mycardcity.net"
"https://minitest.automaplay.com.br/promocao/75702a2ca2ea003f6d8e6c9a911ec6179fcd11ce","KELLY CONFECCOES E VARIEDADES","josejoao1974@bol.com.br"
"https://minitest.automaplay.com.br/promocao/7a4a175946ad53a072b93b8c4b4d9863b8255232","ANDERSON.LUAN10","ANDERSON.LUAN10@TERRA.COM.BR"
"https://minitest.automaplay.com.br/promocao/dfc68849bfe83478568e329cb6ffc1225c3e6d5c","PEIXARIA DO ERALDO","ERALDO@HOTMAIL.COM"
"https://minitest.automaplay.com.br/promocao/fee2f25112d6482dbfa6938eea1f8bb3d32b92bc","M M TENORIO FIDELIS","JFSERVICOSCONT@BOL.COM.BR"
"https://minitest.automaplay.com.br/promocao/b70669aa01086e452d8290173e9a38f6255b0017","RAY MAIA SAMPAIO LTDA","MCELESTINOCONTABILIDADE@HOTMAIL.COM"
"https://minitest.automaplay.com.br/promocao/4b10e9a7cf910ed7ae229276da44e6072fe5c838","WEMBLEYCIRCO","WEMBLEYCIRCO@GMAIL.COM"
"https://minitest.automaplay.com.br/promocao/6ea54b51919085de36f48a83f1307e3a7f7c507b","JOSEEDIBERTOFONSECAGOMES","JOSEEDIBERTOFONSECAGOMES@GMAIL.COM"
"https://minitest.automaplay.com.br/promocao/fa0861d147d739638fa9bc4093dece36ad4759d1","SCLAUDENOR102","SCLAUDENOR102@GMAIL.COM"
"https://minitest.automaplay.com.br/promocao/284451724cf35d07bba861300a94ec70643ba6c9","MOACIRARAUJOROCHA591","MOACIRARAUJOROCHA591@GMAIL.COM"
"https://minitest.automaplay.com.br/promocao/5efe0044346dbc8bdd4fe4314ace5b7c4ffba858","ADMINISTRATIVO","ADMINISTRATIVO@TORQUATOEMELO.COM"
"https://minitest.automaplay.com.br/promocao/74b9532b52b4b40256a22a81cf5ddb76ce00bc04","HIGIMAISLIMPEZADEESTOFADOS","HIGIMAISLIMPEZADEESTOFADOS@GMAIL.COM"
"https://minitest.automaplay.com.br/promocao/5ba255cb5c5aa8c121d6c448456eeebd85544a14","VITORIA TRANSPORTES","atualizar"
"https://minitest.automaplay.com.br/promocao/934b47a810829a9d1b8704665b135bd067b13f08","MARIA KATIANE FELICIANO DA SILVA 06599160450","MARIAKATIANEFELICIANO@HOTMAL.COM"
"https://minitest.automaplay.com.br/promocao/b31b38efb89299f8360c89bc2c6333261dbb1668","CONSTRUMAIS","JORGEJOAOSILVA142@GMAIL.COM"
"https://minitest.automaplay.com.br/promocao/157f9e2c25fda132b86297e8519cabcf09a35d7f","SHEVERINODELIMA","SHEVERINODELIMA@GMAIL.COM"
"https://minitest.automaplay.com.br/promocao/8a82964d54410a5d91a5d0ca09d89cf20785fddd","R D TRANSPORTES","MKSERVICOSCONT@HOTMAIL.COM"
"https://minitest.automaplay.com.br/promocao/a1ae614eb7fae2e3fda2ac5b6097b9ced9e88d60","ROCHA SEGUROS","JAILSONaACE@HOTMAIL.COM"
"https://minitest.automaplay.com.br/promocao/1246fda41a55786d8d0a25d5656e4abb6df2e556","CORDEIROS BOA VISTA","MSOARESCONTABILIDADE@HOTMAIL.COM"
"https://minitest.automaplay.com.br/promocao/2472f6042a19d6eced7caea9b11fff42179ce8a7","JC7640708","JC7640708@GMAIL.COM"
"https://minitest.automaplay.com.br/promocao/32f183f0eacf9a0fdf13f2c73a5100acaf89156d","atualizar","atualizar"
"https://minitest.automaplay.com.br/promocao/bb1bd5dac7fd2997df027cda3c587c413b314e93","atualizar","atualizar"
"https://minitest.automaplay.com.br/promocao/20da4e03b437a15a7bad1d9c358f2c70bb63396e","josiasjosias20031978","josiasjosias20031978@outlook.com"
"https://minitest.automaplay.com.br/promocao/92990880dbc0aef9e4df67e9b094a2139c6b84dc","VIVACE FITNESS","SERGIOJUNIOR26@HOTMAIL.COM"
"https://minitest.automaplay.com.br/promocao/4f9e1f09ee0ef24eb2a3dfe69da35a3767b0a2b3","josenildoss10","josenildoss10@hotmail.com"
"https://minitest.automaplay.com.br/promocao/d5c1e4d91c98f61a41986ded15731701be8867b6","fran_nobre20","fran_nobre20@hotmai.com"
"https://minitest.automaplay.com.br/promocao/71d8f3c6fb93c2c11b3f1d2c4da56d2ef5760a25","B & R LOCACAO E MECANIZACAO AGRICOLA","CONTATICA@UOL.COM.BR"
"https://minitest.automaplay.com.br/promocao/5857afc5dca7f0040ef6c8bba39835edf51fcf7b","WOLATANRIBEIRO","WOLATANRIBEIRO@GMAIL.COM"
"https://minitest.automaplay.com.br/promocao/470fe29660643e2d0f417521f7ecc7dffe5a81b1","EDUARDATEIXEIRA612","EDUARDATEIXEIRA612@GMAIL.COM"
"https://minitest.automaplay.com.br/promocao/9b18ef3a8c992278b9adf51d206024aaa2cee802","HOME CENTER SILVA","FARMACIASILVAMATRIZ@GMAIL.COM"
"https://minitest.automaplay.com.br/promocao/faa3fcd5640556f259c25e02329a9786e8701f86","simonny-tigre1","simonny-tigre1@hotmail.com"
"https://minitest.automaplay.com.br/promocao/33f91ceaf9812aa6d0d6fd9e60161ebf91b8acb0","ANA MEIRE DE OLIVEIRA MESSIAS 86034022487","atualizar"
"https://minitest.automaplay.com.br/promocao/1424b88abb1a1e6ed0453f153d029233e843b3c1","WALLISSON.LUIZ20","WALLISSON.LUIZ20@GMAIL.COM"
"https://minitest.automaplay.com.br/promocao/d05c7cb79726ac2c456f225397bb0e6692cfdca0","reny.consultoria","reny.consultoria@hotmail.com"
"https://minitest.automaplay.com.br/promocao/7c5d2935c553705eceabd7e0d180f719c2fdaccd","CLINICA ESTER BARROS","ODONTOANADIA@HOTMAIL.COM"
"https://minitest.automaplay.com.br/promocao/dace3d110cddaddd7eb0da63f8b6889fc81e778a","HOME CENTER CONSTRULAR","JAILSON_ACE@HOTMAIL.COM"
"https://minitest.automaplay.com.br/promocao/238d0ccf10e1f3b26718b17b8af9001ca9834217","atualizar","atualizar"
"https://minitest.automaplay.com.br/promocao/eea855d50236a07150d63c8bb4721d24c77d28d2","S.ENEDINO","S.ENEDINO@YAHOO.COM.BR"
"https://minitest.automaplay.com.br/promocao/d07f50cadbdebbabd639caabb53d42722bdd7a6b","atualizar","atualizar"
"https://minitest.automaplay.com.br/promocao/0222383de6c9a0e94adfc51d796b89dde548259c","GUINHO MAQUINAS","JOSEWAGNERDESOUZAGUINHO@GMAIL.COM"
"https://minitest.automaplay.com.br/promocao/050615816d639a07970d6efb79fff1c589d3a94b","MERCADINHO DONA ECONOMIA","MKSERVICOSCONT@HOTMAIL.COM"
"https://minitest.automaplay.com.br/promocao/b40e9683a20ef5f5a63d4bc9bf6c099b9ef3b8c0","THIAGO PEDRO RODRIGUES DE VASCONCELOS 04915109429","TR-VASCON@BOL.COM.BR"
"https://minitest.automaplay.com.br/promocao/d3bca79a9be8f18b740e2e10fcf74990e3140a54","DIEGOROCHAACTUA","DIEGOROCHAACTUA@GMAIL.COM"
"https://minitest.automaplay.com.br/promocao/04f4febcc78ab2751389b53d0d96a849a2db16fa","jorgeluizadv","jorgeluizadv@hotmail.com"
"https://minitest.automaplay.com.br/promocao/36bb00ecd15eec4f9d35c69ffd6348824a5d5547","ANTONIO DOS SANTOS CAMILO 49670298415","atualizar"
"https://minitest.automaplay.com.br/promocao/e2baa1e666507e8c06f30a551252f1f55972f75f","JOSE LEANDRO DA CONCEICAO LIMA 09596791460","joseleandro_@hotmail.com"
"https://minitest.automaplay.com.br/promocao/75bd1ba91ad216b7ed18770d17fd3b1a9a104995","JAMESMELLO4","JAMESMELLO4@GMAIL.COM"
"https://minitest.automaplay.com.br/promocao/6d547b3e3b6fee760c258421e90776c3dee1b926","ERIZAN_FERNANDES","ERIZAN_FERNANDES@HOTMAIL.COM"
"https://minitest.automaplay.com.br/promocao/106b79a28c9d16992cc2bd1d1c9e6415155492ef","FABRICIOGUSTAVO076","FABRICIOGUSTAVO076@GMAIL.COM"
"https://minitest.automaplay.com.br/promocao/5ff8f8d179bcfe0422a467d50e5e8d1cab4c372c","EDMUNDOJJA","EDMUNDOJJA@GMAIL.COM"
"https://minitest.automaplay.com.br/promocao/75b1dcdbafd687a07ac3c7e3218ebdc6db6759fb","LUCILEIDE_MESSIAS123","LUCILEIDE_MESSIAS123@HOTMAIL.COM"
"https://minitest.automaplay.com.br/promocao/3c61d4816fd0ce6fbf516ba4c53d6c45ed3bc831","ALEXANDREANADIA","ALEXANDREANADIA@HOTMAIL.COM"
"https://minitest.automaplay.com.br/promocao/bb9ad34c3efda18adad1316537461f739c509591","SONIA.NS1079","SONIA.NS1079@GMAIL.COM"
"https://minitest.automaplay.com.br/promocao/b747250ec462ef6c909d60fe7c756f28288efea9","CICEROPEPESE1","CICEROPEPESE1@GMAIL.COM"
"https://minitest.automaplay.com.br/promocao/c83c8fcfebaf4767589c8ae376a94cddbf1083c4","3G CONSTRUCOES","proconta.anadia@hotmail.com"
"https://minitest.automaplay.com.br/promocao/efdce838f7b0b61c87294c9275000fabbb92f150","STEPHANYE KACYE DA SILVA ALBUQUERQUE 07755121410","KACYENETTO@HOTMAIL.COM"
"https://minitest.automaplay.com.br/promocao/6dd2bd5a1cd4f308a9190ac0ed19a0be90599549","thais.e.vieira","thais.e.vieira@hotmail.com"
"https://minitest.automaplay.com.br/promocao/ac03f620a8b90e97b848c499e6c09d5807d9e8c1","DONA CONVENIENCIA E RESTAURANTE","ATENDIMENTO@REALCONTABIL-AL.COM.BR"
"https://minitest.automaplay.com.br/promocao/377784e09332d50d7a86d4552fdb4771b86b2f3d","SOUZA AUTO PECAS","ADMINISTRATIVO@TORQUATOEMELO.COM"
"https://minitest.automaplay.com.br/promocao/49a8154b8f199e987526bb5ca42c33206a21b363","MARCUS-TELES","MARCUS-TELES@HOTMAIL.COM"
"https://minitest.automaplay.com.br/promocao/cd6a2627bea397fb4e93dca488a998c9b6c3ee95","ELENILDACORREIA","ELENILDACORREIA@GMAIL.COM"