"url_perfil","Nome Anúncio","Email de Retorno"
"https://minitest.automaplay.com.br/promocao/866dc24eea98514d58f8bf167ed67775fc630f52","testando",""
"https://minitest.automaplay.com.br/promocao/ed32d7e1613cf861388273196d8421d78c5cf2bb","ADJANE.FOFA","ADJANE.FOFA@HOTMAIL.COM"
"https://minitest.automaplay.com.br/promocao/8ac0699b8912dd22201b4e5a11d2c8776744e482","GJM SERVICOS E TERCEIZACAO","SERVICOSGJM@GMAIL.COM"
"https://minitest.automaplay.com.br/promocao/8ff737f444cdaac7af8f89280e7f2b6432c7f5ab","DANIELYCOS","DANIELYCOS@HOTMAIL.COM"
"https://minitest.automaplay.com.br/promocao/7bdd4f731615a7d09f9adb6c651beddc8a7eef67","damaso.adv","damaso.adv@gmail.com"
"https://minitest.automaplay.com.br/promocao/5873ff0e92e6939d463417c69a794baff01f75c1","JOSIANO DA SILVA - ANTENAS","josejoao1974@bol.com.br"
"https://minitest.automaplay.com.br/promocao/9d14eea163d0100e039138d06870a59726217e8c","mkservicoscont","mkservicoscont@hotmail.com"
"https://minitest.automaplay.com.br/promocao/73b16b46cb3b723b55eec01fbe7a080d6162ec0c","MARIADAPIEDADE200","MARIADAPIEDADE200@GMAIL.COM"
"https://minitest.automaplay.com.br/promocao/25724fbd96ba05837161327aee4cd3236971010a","JADSON CICLO MOTO PECAS","JADSONCICLOPECAS@GMAIL.COM"
"https://minitest.automaplay.com.br/promocao/80c6a095c52c158248434ddde2581b0775dcd6cf","MAGAPREFERIDA","MAGAPREFERIDA@HOTMAIL.COM"
"https://minitest.automaplay.com.br/promocao/2c007d0defffb38713933e26eca0613c75a39b52","atualizar","atualizar"
"https://minitest.automaplay.com.br/promocao/e715dc22f5d889bbac6b9b653cb34da57d69cad4","MANGABEIRAS CASA & CONSTRUCAO","ALLANVICTOR.ALMEIDA@HOTMAIL.COM"
"https://minitest.automaplay.com.br/promocao/90d2cd60ec3b688c75706e6f82ee4d2c0e49cefc","ANTHONYVENT45","ANTHONYVENT45@GMAIL.COM"
"https://minitest.automaplay.com.br/promocao/34fb68af01ac456fce017db3494283e76345f1f3","MERCADINHO SO OFERTAS ARAUJO","atualizar"
"https://minitest.automaplay.com.br/promocao/7a9b25d2d38f39f8d3d14807c0867d9076d687bc","rvconfeccoess","rvconfeccoess@hotmail.com"
"https://minitest.automaplay.com.br/promocao/e62c70de6eead7b1f9f9a0aab72bdb7b4b84ec21","rosanatiburcio20","rosanatiburcio20@gmail.com"
"https://minitest.automaplay.com.br/promocao/75180d4863c45ea250db00503ffc605f849ac50b","ADAILTON3569ALVES","ADAILTON3569ALVES@GMAIL.COM"
"https://minitest.automaplay.com.br/promocao/b3f2c5bb325ba848e21eb28c9f74ff7a81b4b655","edilsouza1965","edilsouza1965@hotmail.com"
"https://minitest.automaplay.com.br/promocao/740fd0c6ea7a31e614ca233551b376e4998dade2","atualizar","atualizar"
"https://minitest.automaplay.com.br/promocao/8de8080daf9286051aec2f51a09fa6532e7581ee","atualizar","atualizar"
"https://minitest.automaplay.com.br/promocao/bca293b3a0f81974e132b950d67adb9e12153b26","J P DOS SANTOS COMERCIO","TORQUATO.MELO@HOTMAIL.COM"
"https://minitest.automaplay.com.br/promocao/105452d32cdd062baf7aa3cd784a964abe186b5a","MKSERVICOSCONT","MKSERVICOSCONT@HOTMAIL.COM"
"https://minitest.automaplay.com.br/promocao/18ff83614a65e1ef74b27f898c7ec4d0ae2207c5","CLARA MOVEIS MAGAZINE","CLARAMOVEISMAGAZINE@YAHOO.COM"
"https://minitest.automaplay.com.br/promocao/18db33523e0260c634d3579172ed9bc34b82b02e","M C S DA SILVA COMERCIO","josejoao1974@bol.com.br"
"https://minitest.automaplay.com.br/promocao/4a379f4a753d911d2abb0e94d1fea6ac95340507","J G DA SILVA MINIMERCADO","JFSERVICOSCONT@BOL.COM.BR"
"https://minitest.automaplay.com.br/promocao/ae47a0d1ecf176bcc85f91dcfac63c1dc43812bc","EDNILMAADVOCACIA","EDNILMAADVOCACIA@GMAIL.COM"
"https://minitest.automaplay.com.br/promocao/c825d6e88a9b6230d53cba10aeb7e4526589d46d","EDSONLOCUTOR15","EDSONLOCUTOR15@GMAIL.COM"
"https://minitest.automaplay.com.br/promocao/a53fed72fcc9c6ef11b8fcbfa0de0f88873658b4","MKSERVICOSCONT","MKSERVICOSCONT@HOTMAIL.COM"
"https://minitest.automaplay.com.br/promocao/6869f4cdf390299fc8f7992a25fac447b34790a2","MARCONDES4","MARCONDES4@GMAIL.COM"
"https://minitest.automaplay.com.br/promocao/aca33153ce0af8498833b388561be15668064512","JL MOTOPARTS","LEANDROMOTOS424@GMAIL.COM"
"https://minitest.automaplay.com.br/promocao/1f8f13aa51f36e3ef2477d0c0bd1ccbf1b9949d4","FARMA CEL","atualizar"
"https://minitest.automaplay.com.br/promocao/c7c5d2380d34599d399b6a946d8aaea4bdcc8abd","MDECARVALHO41","MDECARVALHO41@HOTMAIL.COM"
"https://minitest.automaplay.com.br/promocao/99dddfd4473d065f49288cd0f1d24e697921efd7","CARLOSBRANCAGLION13","CARLOSBRANCAGLION13@GMAIL.COM"
"https://minitest.automaplay.com.br/promocao/bd0404feac260bc13cbf24464120f88b07d85fb7","MARCELO PEREIRA VANDERLEI SANTOS","jfservicoscont@bol.com.br"
"https://minitest.automaplay.com.br/promocao/9c671c82c00f9548fea7e7f16d3ed6b23942ff10","CHENRIQUESR","CHENRIQUESR@HOTMAIL.COM"
"https://minitest.automaplay.com.br/promocao/43d448467165dc55091c82cc7cc108dfd37485fb","EDNA OLIVEIRA SOUZA MAIA","marcoscarnaubac@hotmail.com"
"https://minitest.automaplay.com.br/promocao/3ef9a57252e694c453cb669cac863e9bdfa9935b","MERCADINHO SAO LUCAS","jfservicoscont@bol.com.br"
"https://minitest.automaplay.com.br/promocao/7cc2c5a965ac4e40b5d68e6270f3d7ec961d1a30","MARCIADASILVADACONCEICAO4","MARCIADASILVADACONCEICAO4@GMAIL.COM"
"https://minitest.automaplay.com.br/promocao/c50481ae526c922ae66718c084c5fcc255fd72ee","GLAUCOFARMA","GABRIELLA.VILELA16@HOTMAIL.COM"
"https://minitest.automaplay.com.br/promocao/9bd931cad55d9078d07988bba9bfa9acd23097da","DEPOSITO DE BEBIDAS SANTO ANTONIO","CARLOSBRANCAGLION13@GMAIL.COM"
"https://minitest.automaplay.com.br/promocao/2c9e5ed9ec0df95753283e45132a6305b753e1db","J F GAZ","atualizar"
"https://minitest.automaplay.com.br/promocao/f7e49249b02b24592a822ad92a5ec9d0f2b56692","P T DA COSTA","JFSERVICOSCONT@BOL.COM.BR"
"https://minitest.automaplay.com.br/promocao/88882d65f1559a4d1b818692b7d32c9d91d7016a","JOSEEVERALINF2022","JOSEEVERALINF2022@GMAIL.COM"
"https://minitest.automaplay.com.br/promocao/45b2067469f402e74b4efbdbfd2ef5041b50368a","ERALDO","ERALDO@HOTMAIL.COM"
"https://minitest.automaplay.com.br/promocao/8a895acdf5fe575da4dbfcd9b39609bb2ae9a418","FERREIRAGIL1914","FERREIRAGIL1914@GMAIL.COM"
"https://minitest.automaplay.com.br/promocao/bc7ec945b2dc0584f965e19978c80f8664b3e8e2","moto7","moto7@outlook.com.br"
"https://minitest.automaplay.com.br/promocao/1b96848323a59e6cd4dea351b1e9a28f80c3dfc1","G C VIANA TRANSPORTES","atualizar"
"https://minitest.automaplay.com.br/promocao/71b3322f08ccbce7e2e72e605abd6d87ba3d7a90","MERCADINHO O BALAIO","CASADOCAMPOANADIA@HOTMAIL.COM"
"https://minitest.automaplay.com.br/promocao/763d80f5968f67c9584a58dfcf42d2231e83a591","MKSERVICOSCONT","MKSERVICOSCONT@HOTMAIL.COM"
"https://minitest.automaplay.com.br/promocao/b0d145b4c3ca6a93bfea354fb0ae591e21532beb","LATICINIOS BEIJA FLOR","atualizar"
"https://minitest.automaplay.com.br/promocao/c52da1292eaed603112b06b1abb3d206e136ae04","valdirotavio","valdirotavio@ig.com.br"
"https://minitest.automaplay.com.br/promocao/1e2f8f1ad826d0e02474a91adb1ec08a76ecd7c0","PANIFICACAO PADRE CICERO","atualizar"
"https://minitest.automaplay.com.br/promocao/0e4b890692ea07d387ebd59190d33086ac9c25a6","MARIAALINEDEJESUSDOSSANTOS","MARIAALINEDEJESUSDOSSANTOS@GMAIL.COM"
"https://minitest.automaplay.com.br/promocao/8e20966406e639f9b1cb76e591fcfbcf782b8de5","LLSCORREIA2014","LLSCORREIA2014@GMAIL.COM"
"https://minitest.automaplay.com.br/promocao/d0dcac477a0194e06b26446e320a9fff92337cd5","CASSIOPORTOES","CASSIOPORTOES@HOTMAIL.COM"
"https://minitest.automaplay.com.br/promocao/ed85fa6eb0bcd75515f93e7804b2c61d5dd0b827","atualizar","atualizar"
"https://minitest.automaplay.com.br/promocao/376d5475c84f80e4d7ae28b16870fe6c702b4331","A F DOS SANTOS DE SOUZA COMERCIO","josejoao1974@bol.com.br"
"https://minitest.automaplay.com.br/promocao/ac26a770e61858b51ce95e2ed27870ba96fd0f2e","J P ANADIA REPRESENTACOES","JOAOPAULOOLIVEIRA769@GMAIL.COM"
"https://minitest.automaplay.com.br/promocao/7de52f1230bb57472a771ce8715acb7d2652bda4","pamela.melo507","pamela.melo507@gmail.com"
"https://minitest.automaplay.com.br/promocao/e93b9ab27fb7d6bb72774d29c380899e40950ed9","JULIANABISPODEOLIVEIRA7","JULIANABISPODEOLIVEIRA7@GMAIL.COM"
"https://minitest.automaplay.com.br/promocao/fbd0b0c75b4f59a743ccde1ef26a754535be82f0","atualizar","atualizar"
"https://minitest.automaplay.com.br/promocao/9ef0e630316b822240ef22b7ccf594a817af96b2","joeltonn12","joeltonn12@gmail.com"
"https://minitest.automaplay.com.br/promocao/0be501b5c25a3a4b655b7a438fb74ea045ce1522","FERRO E COSTA LTDA","ATENDIMENTO@REALCONTABIL-AL.COM.BR"
"https://minitest.automaplay.com.br/promocao/7f34a49f71c78a220ce7a1eb541530a1d7848a19","ZELIA GOMES DA SILVA MINIMERCADO","JFSERVICOSCONT@BOL.COM"
"https://minitest.automaplay.com.br/promocao/b173bdb23722022bc0aa3a1964a1fa862a3a738c","MERCADINHO NOSSA SENHORA APARECIDA","TORQUATO.MELO@HOTMAIL.COM"
"https://minitest.automaplay.com.br/promocao/e68b95eea40ca066a2cd125f2d87d1d2a4b90e1e","LARACARVALHO199","LARACARVALHO199@HOTMAIL.COM"
"https://minitest.automaplay.com.br/promocao/4cbf20a7239c51e06b4a7a58f1772cb644a944a9","MORADA NOVA CONSTRUCAO LTDA","JAILSON_ACE@HOTMAIL.COM"
"https://minitest.automaplay.com.br/promocao/189b1e39ae385398cbda2ed888ccce7b5944c3dc","SANDUBARIA DOG BURG","atualizar"
"https://minitest.automaplay.com.br/promocao/37de2df6d35d02ec7d359f4051abceb1e679dfd2","tinho20002000","tinho20002000@yahoo.com.br"
"https://minitest.automaplay.com.br/promocao/54084e5dde813fb28cd204f371af1799b5c93db9","G-KLER","FELLYPEGOMES2702@GMAIL.COM"
"https://minitest.automaplay.com.br/promocao/0971583aa22ba8d9d2c225f0123b40738ab02260","CLINICA E LABORATORIO + SAUDE","TORQUATO.MELO@HOTMAIL.COM"
"https://minitest.automaplay.com.br/promocao/5767f71cdd2c215b006183a3ca20c98907c678d5","atualizar","atualizar"
"https://minitest.automaplay.com.br/promocao/90a240fde18acb01c8f0dd5963c7e2ca6cc6300c","EMIRIELLE.CORDEIRO","emirielle.cordeiro@gmail.com"
"https://minitest.automaplay.com.br/promocao/a48019d758a98e79c3cbe18345e068cfdabd7004","KINHASALVES.LUCAS","KINHASALVES.LUCAS@GMAIL.COM"
"https://minitest.automaplay.com.br/promocao/d96f4f699ec073c2ea8a13c4eb7d9065e0dd4a95","atualizar","atualizar"
"https://minitest.automaplay.com.br/promocao/e492318427a77035ddbec8ee08af4da2009aa3f2","escritorioinovacaocontabil","escritorioinovacaocontabil@gmail.com"
"https://minitest.automaplay.com.br/promocao/969a06e21c52fbecad50e58b89e106fdd600d5f3","cleodonsilveira","cleodonsilveira@hotmail.com"
"https://minitest.automaplay.com.br/promocao/4b8ef948659e6ebf1a7035b08aa1018c73ef0569","12.366.360 JACKSON SANTOS DE MELO","JACKLETREIROS2017@HOTMAIL.COM"
"https://minitest.automaplay.com.br/promocao/6a24732ef30bab151028756bfba84cf204b592f6","BARROS LOCACAO","BARROSLOCACAOAL@GMAIL.COM"
"https://minitest.automaplay.com.br/promocao/29bbc08f368191947c5d0ce2815690d6b2027c9d","VINICIUSPLAYER12345","VINICIUSPLAYER12345@GMAIL.COM"
"https://minitest.automaplay.com.br/promocao/ca9e9966bcfa14c951ebeb4626599ddff903e193","M JOSE DA GRACA - COMERCIO","atualizar"
"https://minitest.automaplay.com.br/promocao/88eb7f4972823fa40171e542eea9f8b34bce955e","JOZETESANTOS33","JOZETESANTOS33@GMAIL.COM"
"https://minitest.automaplay.com.br/promocao/d9ef7023076a50a98b5d14e0c07ef40dba570898","DEVIDSANTOS13","DEVIDSANTOS13@HOTMAIL.COM"
"https://minitest.automaplay.com.br/promocao/6378e4e2d64312b3878b897e3e1d1572923161dc","J.ADECORPERSONALIZADOS","J.ADECORPERSONALIZADOS@GMAIL.COM"
"https://minitest.automaplay.com.br/promocao/25e1c22d3c82b2597b4aba39a541e2e3125a0d81","RICARDOANADIA","RICARDOANADIA@HOTMAIL.COM"
"https://minitest.automaplay.com.br/promocao/5ef35c12c2c23843fe5294a6a9635db14778aec6","DIANET","DIANETPROVEDOR@GMAIL.COM"
"https://minitest.automaplay.com.br/promocao/86b0a436806cd338b268096a86953d2543f0fa33","atualizar","atualizar"
"https://minitest.automaplay.com.br/promocao/bf61f7b450a7439d920e0b392a19198bdee412ed","LEANDRO GAS","atualizar"
"https://minitest.automaplay.com.br/promocao/5d031864e6df2429486e0b199fc9347593b1fec3","atualizar","atualizar"
"https://minitest.automaplay.com.br/promocao/7722291d7d6bd1a113740e91740e109526b3de4b","ARTHYSEVENTOS","ARTHYSEVENTOS@GMAIL.COM"
"https://minitest.automaplay.com.br/promocao/22370cf7d2c8f787801125df384674a33dddae8a","RF TRANSPORTES","TORQUATO.MELO@HOTMAIL.COM"
"https://minitest.automaplay.com.br/promocao/d57f431ca240fd6b5911d39d7615ed2ac7d2000f","atualizar","atualizar"
"https://minitest.automaplay.com.br/promocao/ffaf08da49955ebcb760e08a417104ce4b95e33e","BENEDITO SOUZA DOS SANTOS 43442110491","atualizar"
"https://minitest.automaplay.com.br/promocao/a1e8101bb89830b5fa02c4863fa0cb8360a67f86","MERCADINHOMARCENA","MERCADINHOMARCENA@GMAIL.COM"
"https://minitest.automaplay.com.br/promocao/8c2e1928437c0aad00c661deb491954109c3b5fd","MARI MODAS","josejoao1974@bol.com.br"
"https://minitest.automaplay.com.br/promocao/beec3f59ef725a660855c25b572cc4c9d6ce8381","JOAO.VIITOR08","JOAO.VIITOR08@GMAIL.COM"
"https://minitest.automaplay.com.br/promocao/3c5ed0e8eb03f310c8756128fb842113d1da88ab","JOSUELITAMENEZES01","JOSUELITAMENEZES01@HOTMAIL.COM"
"https://minitest.automaplay.com.br/promocao/fc0a68898f977d635dc4ba5baa2070bec931ff52","LUCASOLIVEIRA123A","LUCASOLIVEIRA123A@HOTMAIL.COM"
"https://minitest.automaplay.com.br/promocao/84c6aeaba89be091c012baeada633c3c4aaa177a","JOSE ARNALDO BARBOSA DA SILVA 67771475434","JFSERVICOSCONT@BOL.COM.BR"
"https://minitest.automaplay.com.br/promocao/85758b048848a2b7dd3f5884fd9d6289b85ed361","WILSON & FRIOS","MKSERVICOSCONT@HOTMAIL.COM"
"https://minitest.automaplay.com.br/promocao/2f587863306485919618760bf22c45f9a04f7b30","J P DOS SANTOS - ACADEMIA","josejoao1974@bol.com.br"
"https://minitest.automaplay.com.br/promocao/4f89ace02d74a71ecedd4d50b7518f5fcc1df82b","TERRA & AGUA","FIDELISANTONIO@HOTMAIL.COM"
"https://minitest.automaplay.com.br/promocao/5b315ee11153cd35dcb4213249bb20f84c6625d1","MARCELOJORGEGOVBR","MARCELOJORGEGOVBR@HOTMAIL.COM"
"https://minitest.automaplay.com.br/promocao/5ab1b545e730d5b11970c18aef8d6b3120ec8dbb","NJ BOLACHAS E SALGADOS","NJBOLACHASESALGADOS2021@GMAIL.COM"
"https://minitest.automaplay.com.br/promocao/a266e3a93f6f0a666466ec4ba9b0ddcf538aaa88","VILELALENA32","VILELALENA32@GMAIL.COM"
"https://minitest.automaplay.com.br/promocao/0da12ca192dc8b5a7e2da2c009e4f0373cf79a03","PEIXARIA MANIA","JHONNYW335@GMAIL.COM"
"https://minitest.automaplay.com.br/promocao/f29b20e86a34aaf85594bdf65ed281fb81fb4b30","NANA.POLICARPO123","NANA.POLICARPO123@GMAIL.COM"
"https://minitest.automaplay.com.br/promocao/0cb5558c5af4113c1b14edfb6af0564cd7b11027","JACK.ANDRADE25S","JACK.ANDRADE25S@GMAIL.COM"
"https://minitest.automaplay.com.br/promocao/d755c2fd5a1c393dcc840ca26b523721faea3f52","CASTRO & LIMA CONTABILIDADE PUBLICA","CASTROLIMAMEDEIROS@HOTMAIL.COM"
"https://minitest.automaplay.com.br/promocao/cdbf46f37e8f77715b80ce11370a8f2c43bfb31e","atualizar","atualizar"
"https://minitest.automaplay.com.br/promocao/410d9b880f5e0f5d1ea87072cf960c8c0896d189","jadsoncardoso2009","jadsoncardoso2009@hotmail.com"
"https://minitest.automaplay.com.br/promocao/90ae47ecdfe643ad1f0d10e431d2841c5401e059","TORQUATO.MELO","TORQUATO.MELO@HOTMAIL.COM"
"https://minitest.automaplay.com.br/promocao/1d8de797a2ec98002a3371e1d306c5390819c3a7","BERNADETSANTOSSANTOSOLIVEIRA","BERNADETSANTOSSANTOSOLIVEIRA@GMAIL.COM"
"https://minitest.automaplay.com.br/promocao/24848f297e8d0b8583c10bf7a1ebdf8f4a4f38f2","LUZIACAROLINE14","LUZIACAROLINE14@HOTMAIL.COM"
"https://minitest.automaplay.com.br/promocao/7f71b8bfbb4462995241fb487a649737f93e2d8a","jdesouzasantos","jdesouzasantos@hotmail.com"
"https://minitest.automaplay.com.br/promocao/8283827df922c9a9ce381bddfc473c9840ce0e86","FREIRE_ADVOCACIA","FREIRE_ADVOCACIA@HOTMAIL.COM"
"https://minitest.automaplay.com.br/promocao/55c2f25243835eaee167f1cb93c6e466bfe568d2","SUPERMERCADO MANGABEIRA","MANGABEIRAALIMENTOS@GMAIL.COM"
"https://minitest.automaplay.com.br/promocao/496c641111730a12ed0a66ed3c876250d0e791a4","LIDER AMBIENTAL","LIDERAMBIENTAL01@GMAIL.COM"
"https://minitest.automaplay.com.br/promocao/a664ed0ff6c189417e013ac55e0425ee5009f952","MERCADO SANTA RITA","ADMINISTRATIVO@TORQUATOEMELO.COM"
"https://minitest.automaplay.com.br/promocao/ce71e19412ecc9f34cb99f6baee51260c5a52bef","atualizar","atualizar"
"https://minitest.automaplay.com.br/promocao/7d169c3e9b67bf338133618837007fcf4c62962b","mozilene_santos","mozilene_santos@hotmail.com"
"https://minitest.automaplay.com.br/promocao/a8e6ae124a1d80e9bda7c0a9bfe8f2c216f590c8","J G DEDETIZADORA","atualizar"
"https://minitest.automaplay.com.br/promocao/0341e4eb072605449a37aae1c81e0e5b1e888b77","GHEYCEKELLY","GHEYCEKELLY@GMAIL.COM"
"https://minitest.automaplay.com.br/promocao/3bc16fb07f8dc559a16bd714e4a887d43b60c281","BREGALIGHT PRODUCOES E EVENTOS LTDA","JR.NUNESPET@GMAIL.COM"
"https://minitest.automaplay.com.br/promocao/7bd75290a92d68cb929c44066252fb697a689406","DADE_CHS","DADE_CHS@OUTLOOK.COM"
"https://minitest.automaplay.com.br/promocao/fc0088b43ecdff042de8c482c6fcd7ed0db71567","DESCARTAVEIS & CIA","EMBALAGOAS@HOTMAIL.COM"
"https://minitest.automaplay.com.br/promocao/336a7382cdf82b3ea61c95e7ccee85403ee9b32f","JOELMACENEIRO","JOELMACENEIRO@GMAIL.COM"
"https://minitest.automaplay.com.br/promocao/f29b0d92b667ad09465141453863d55440684eb8","FAZENDA MALHADA VELHA SERVICOS AGRICOLAS","PAULOHORTENCIO2012@HOTMAIL.COM"
"https://minitest.automaplay.com.br/promocao/736d079cba06e22a653ce713b52811f62583264b","MERCADINHO E AVICOLA NOSSA SENHORA DA PIEDADE LTDA","josejoao1974@bol.com.br"
"https://minitest.automaplay.com.br/promocao/6e3775f1ccc663683bd42bec455aa8ac85966533","AVICOLAS HORTI FRUTI","atualizar"
"https://minitest.automaplay.com.br/promocao/10cf653d066fb9b23d93ea7faacba637d9c98098","ALANEROCHA2020","ALANEROCHA2020@ICLOUD.COM"
"https://minitest.automaplay.com.br/promocao/c86835192ad101dd60494745265e1f4ec7b2b405","J SANTOS COMERCIO","JFSERVICOSCONT@BOL.COM.BR"
"https://minitest.automaplay.com.br/promocao/2b3db6f9c14fa68857199f10a80d23b28e42cd52","M J CONSTRUTORA E VENDAS DE VEICULOS","CONTCERT.CONTABILIDADE@GMAIL.COM"
"https://minitest.automaplay.com.br/promocao/3cd68ec3ff2cd84b9b130752bc0e71e6039e2b5e","A B C MODAS","JAILSON_ACE@HOTMAIL.COM"
"https://minitest.automaplay.com.br/promocao/820f2fbaf9d83aa92c6882e76d8d1b9129accb7e","NICOLASLINO65","NICOLASLINO65@GMAIL.COM"
"https://minitest.automaplay.com.br/promocao/f57973d47771ed4f663c65fe408fd2763755eba2","atualizar","atualizar"
"https://minitest.automaplay.com.br/promocao/97468ae3a2a10fb14db63aa7798a87072693e23d","A T FONSECA COMERCIO","ALBERTOLUIZ@3RCONTABILIDADE-AL.COM.BR"
"https://minitest.automaplay.com.br/promocao/0b6ffe3f3a1461e6e318be8da4b754c10f415775","JUA6073","JUA6073@GMAIL.COM"
"https://minitest.automaplay.com.br/promocao/3a31ca216fbd8eb385ed48ffb1092e2bed6b29de","NUTRE-CAMPO, TUDO EM NUTRICAO ANIMAL","GILBERTOLSJT@HOTMAIL.COM"
"https://minitest.automaplay.com.br/promocao/66a98af8226b4c5340f49db2871b3aaa145dc500","CASADOCAMPOANADIA","CASADOCAMPOANADIA@HOTMAIL.COM"
"https://minitest.automaplay.com.br/promocao/bb442a436faf718185ae066fc685ccd19ccfa2ca","PAULA MODAS E ECESSORIOS","JFSERVICOSCONT@HOTMAIL.COM"
"https://minitest.automaplay.com.br/promocao/aea4738b425546a651c2d3ccd4a93580a8118433","BRAZ GAS","JFSERVICOSCONT@BOL.COM.BR"
"https://minitest.automaplay.com.br/promocao/0257ba1c523fc804116588e1480898294209e8d3","CARLOS_MAGNO35","CARLOS_MAGNO35@HOTMAIL.COM"
"https://minitest.automaplay.com.br/promocao/1ba77bac924c7b977de36d5ca7498d204a0cc6a9","COMERCIAL BASTOS","MADSONGOMES1992@GMAIL.COM"
"https://minitest.automaplay.com.br/promocao/449464cdf3e00a36fb309c75e3db04df339aa065","atualizar","atualizar"
"https://minitest.automaplay.com.br/promocao/df570e092b48c52f1c37ffc53bdcaa765eee5fd8","DAYANA NADJA GRIGORIO DOS SANTOS 06286463488","DAYANAGRIGORIO42@GMAIL.COM"
"https://minitest.automaplay.com.br/promocao/5b20e42a2a8861968404c9c7a00160d2c105eb93","atualizar","atualizar"
"https://minitest.automaplay.com.br/promocao/881f8236d252fe17ac61b5d108b5d272b3ea948e","AVICOLA WM MERCEARIA","AQUIRESOLVEANADIA@HOTMAIL.COM"
"https://minitest.automaplay.com.br/promocao/75a0c7de76929d1378bb8225ee5fc883bd4a89bd","CANDIDO.JUNIOR4","CANDIDO.JUNIOR4@GMAIL.COM"
"https://minitest.automaplay.com.br/promocao/3bac84066a0d113fc0d30837dd070ba5a487e23d","MSOARESCONTABILIDADE","MSOARESCONTABILIDADE@HOTMAIL.COM"
"https://minitest.automaplay.com.br/promocao/1b049792a35b428fba7dbdfd24ca32fe55a75c3d","PB SUPERMERCADO","PBSUPERCONTABIL@HOTMAIL.COM"
"https://minitest.automaplay.com.br/promocao/e5a0ad19c656a5bfe310d8b5d20b50ad34223721","CLAUDINOADRIELY","CLAUDINOADRIELY@GMAIL.COM"
"https://minitest.automaplay.com.br/promocao/4462bbc5f92dcfa6440960eb8751364db42c24c0","atualizar","atualizar"
"https://minitest.automaplay.com.br/promocao/36480cae38d714287e6f2e49dca02f35b9d5ebd8","ADRIANA & FRIOS","MKSERVICOSCONT@HOTMAIL.COM"
"https://minitest.automaplay.com.br/promocao/062347bf04744144f915ed3cacac65f840b21466","CLINICA BELA IMAGEM","TORQUATO.MELO@HOTMAIL.COM"
"https://minitest.automaplay.com.br/promocao/36420e61fd3678ef9a18defb98cee0c297209273","TRANSPORTADORA MOREIRA","infocont@redenordestecontabil.com.br"
"https://minitest.automaplay.com.br/promocao/d4ba5f6e56246160c990ea9b1587415531c4a873","FARMACIA SILVA","FARMACIASILVAMATRIZ@GMAIL.COM"
"https://minitest.automaplay.com.br/promocao/ffab3b9fc14391c6bfd743167ca05ac94e364101","RITADECASSIAG27","RITADECASSIAG27@GMAIL.COM"
"https://minitest.automaplay.com.br/promocao/00bf6f4318e86b76a8b796bf78a7337fa0d30ee1","R B DE LIMA MAGAZINE","CENTRALIZA.DANFE.CLIENTES@HOTMAIL.COM"
"https://minitest.automaplay.com.br/promocao/eca83dec1a4175847f3622c7d81612645a092ecf","micfs_anadia","micfs_anadia@hotmail.com"
"https://minitest.automaplay.com.br/promocao/5388b054ddecfc24a71f4316be6e82e2a11de376","ALBERDAN20201","ALBERDAN20201@GMAIL.COM"
"https://minitest.automaplay.com.br/promocao/588aa63404cbe3f70cc491e8bde10d3db711dd32","JR GAS","delsonfilhojr@hotmail.com"
"https://minitest.automaplay.com.br/promocao/cf2ffef569aa81a4b56c19672e17948545dcfacb","atualizar","atualizar"
"https://minitest.automaplay.com.br/promocao/3c70021ad8d6f5d6a856184b93db0697e16e79c5","danyelcav","danyelcav@hotmail.com"
"https://minitest.automaplay.com.br/promocao/c22f0db5589554a2ed8917080b84c04cfa35401f","atualizar","atualizar"
"https://minitest.automaplay.com.br/promocao/cddfb93898c3b9a04224c850eab51462cf394708","AS7168344","AS7168344@GMAIL.COM"
"https://minitest.automaplay.com.br/promocao/921e42081dd574768987f422b8cc30309e592f0e","TORQUATO.MELO","TORQUATO.MELO@HOTMAIL.COM"
"https://minitest.automaplay.com.br/promocao/52f2446e830e716d303fd4113d7dca24c0c66b8d","veronica-ped","veronica-ped@hotmail.com"
"https://minitest.automaplay.com.br/promocao/631906b9da3248e2e2a9e009794271e5f5a8497a","ASSISBARBOSA","ASSISBARBOSA@MSN.COM"
"https://minitest.automaplay.com.br/promocao/9fa67e087e11ce958d0b271883f92f03cf155c0d","CERQUEIRA MOTOS","CERQUEIRA.MOTOS@HOTMAIL.COM"
"https://minitest.automaplay.com.br/promocao/394c3533388fc346bdc39412e3fdf0a7c06d0c08","ADRIANO_ALMEIDA2021","ADRIANO_ALMEIDA2021@OUTLOOK.COM"
"https://minitest.automaplay.com.br/promocao/dbcbe8a555cd3db3f8e6090687fc570daa83a47b","JAYMERSON","jaymerson@gmail.com"
"https://minitest.automaplay.com.br/promocao/43c7a7fac5d76197f9475d8b2880d1e98557e4bc","D J SILVA DA FONSECA COMERCIO","JFSERVICOSCONT@BOL.COM.BR"
"https://minitest.automaplay.com.br/promocao/21f3f4dbde4eee26cdaf7cb3316a0971315d81f1","J-ACONTABIL","J-ACONTABIL@HOTMAIL.COM"
"https://minitest.automaplay.com.br/promocao/be84f7eca0749b57f3d2f2f672ad1f9ca97bfaf2","atualizar","atualizar"
"https://minitest.automaplay.com.br/promocao/33086b6bdadc07ba5a065255cd05e20580d06507","CONSTRULAR","JAILSON_ACE@HOTMAIL.COM"
"https://minitest.automaplay.com.br/promocao/cf5922acd2bd70cfc1f27014eaea3df96556cc5e","ALCI FITNESS ACADEMIA","ALCIONE_PEDROSA@HOTMAIL.COM"
"https://minitest.automaplay.com.br/promocao/ea305e5de4d2d8cf3c679c435a4144d6be28f319","ALETEIXEIRAFO95","ALETEIXEIRAFO95@GMAIL.COM"
"https://minitest.automaplay.com.br/promocao/a99935ea5df7bbcaceec2bf110a992d58f928876","M.FRANCIELLEADM","M.FRANCIELLEADM@HOTMAIL.COM"
"https://minitest.automaplay.com.br/promocao/6cdee4be6bc03531fb496aa9652dfc7f8d0e5081","PWS INFORMATICA & BRINQUEDOS","PAULOWSMTI@HOTMAIL.COM"
"https://minitest.automaplay.com.br/promocao/2cf22b6801cdbe8ddb3050587263e20b2666ea2d","DANIELTONPEREIRADOSSANTOS28","DANIELTONPEREIRADOSSANTOS28@GMAIL.COM"
"https://minitest.automaplay.com.br/promocao/69f1743dfc8db8621882a2af3526656c286c7e9f","JEFFERSON.SANTOSJMS","JEFFERSON.SANTOSJMS@GMAIL.COM"
"https://minitest.automaplay.com.br/promocao/209983d8e8ed52bc67a20a5a7e6d2512deab2308","URDIY86","URDIY86@GMAIL.COM"
"https://minitest.automaplay.com.br/promocao/144d80a97d3c8a1b685a59d6b99ea639eeb93afd","RONALDONUNESCASTRO","RONALDONUNESCASTRO@HOTMAIL.COM"
"https://minitest.automaplay.com.br/promocao/54a441617a17da4f1bb432afa23dabd776521ad2","M P VANDERLEI SANTOS SUINOCULTURA","jfservicoscont@bol.com.br"
"https://minitest.automaplay.com.br/promocao/7ba067e7bfc9194edf77325e0030585bbf0b7ce6","SS8847770","SS8847770@GMAIL.COM"
"https://minitest.automaplay.com.br/promocao/c6e90457a7e0001a0aa52705acfc0d029444945d","INTEGRA CONSTRUCOES","PROCONTA.ANADIA@HOTMAIL.COM"
"https://minitest.automaplay.com.br/promocao/83281f74f33b0034732a06745455fa68e204fd12","atualizar","atualizar"
"https://minitest.automaplay.com.br/promocao/39b438b36ff1f1d43e8a693f7249d2c8bfea3f98","BRUNO.SAN2","BRUNO.SAN2@LIVE.COM"
"https://minitest.automaplay.com.br/promocao/8a1b59004d71e5fcec006d894d9f00f370042895","J.J.LUCASANTOS","J.J.LUCASANTOS@GMAIL.COM"
"https://minitest.automaplay.com.br/promocao/61d526bfd89c21e4fadffc1cdd95e87f7a9b5821","VAGNER.S.LIRA","VAGNER.S.LIRA@HOTMAIL.COM"
"https://minitest.automaplay.com.br/promocao/35a1298f3a86f6cac376e30d917ff77da669fc53","SOUZA78","SOUZA78@HOTMAIL.COM"
"https://minitest.automaplay.com.br/promocao/74cf9552cff0682ff89537bb176240d9fb1f99f7","SAO PEDRO TRANSPORTES","proconta.anadia@hotmail.com"
"https://minitest.automaplay.com.br/promocao/151e44c9c5e63fe715c551523a1a2d3c49495ae6","B H TELECOM","FIBRATELECOM664@GMAIL.COM"
"https://minitest.automaplay.com.br/promocao/1b4a4689025f0013c4ce64b0690d33c9b855d583","ALICESILVA10926","ALICESILVA10926@GMAIL.COM"
"https://minitest.automaplay.com.br/promocao/f277bf90080d452728b9790e4e18d4aa98dff993","cristina-torquato","cristina-torquato@uol.com.br"
"https://minitest.automaplay.com.br/promocao/da6a5fc5b00a49d58ab93e88729952268ce82249","JONASMA61","JONASMA61@GMAIL.COM"
"https://minitest.automaplay.com.br/promocao/93dda0dff315a8d7f70225a36fc28d8522e252d3","atualizar","atualizar"
"https://minitest.automaplay.com.br/promocao/4cddfa2edfb4250d300125bcc7f8cd1ee99c1998","atualizar","atualizar"
"https://minitest.automaplay.com.br/promocao/88c0cd10b0e094e9749c8bc7bf3a2026cb26a05a","JOSYSOM","JOSYSOM@HOTMAIL.COM"
"https://minitest.automaplay.com.br/promocao/e483ac39823c9561ef7ba2e3833458f8771dd77c","MSOARESCONTABILIDADE","MSOARESCONTABILIDADE@HOTMAIL.COM"
"https://minitest.automaplay.com.br/promocao/349456e2b945ba1571b12dd5ff5a28cababac0c8","ONIVALDO CORDEIRO DA SILVA 04801879403","atualizar"
"https://minitest.automaplay.com.br/promocao/b8696d8b4014bc47cbd75a9419170039072980af","JOSEMARTEIXEIRA","JOSEMARTEIXEIRA@OUTLOOK.COM.BR"
"https://minitest.automaplay.com.br/promocao/f45d24454b870d4f3355a9fe59f3a451c44237fe","IGOR.COSTA","IGOR.COSTA@TELEQUIPEPROJETOS.COM.BR"
"https://minitest.automaplay.com.br/promocao/bd71ac4aa04eebe786af69457caf94a012ef016e","atualizar","atualizar"
"https://minitest.automaplay.com.br/promocao/55e8594dcefad55041481b9d217bff4012d96587","FUNERARIA SAO PAULO","GBFUNERARIA@GMAIL.COM"
"https://minitest.automaplay.com.br/promocao/7b6a089045c764545bf91b88b863fd20ca304dfd","STUDIO TC","TIAGO_CEREBRO@HOTMAIL.COM"
"https://minitest.automaplay.com.br/promocao/93c1f8faa6a48810ca494ab1e8f2e8a37926177d","atualizar","atualizar"
"https://minitest.automaplay.com.br/promocao/cad034d16812ca821c9c47f58c6ee9474b4c43e7","atualizar","atualizar"
"https://minitest.automaplay.com.br/promocao/ef9c67a1de41307d3d8b5ae6bfc15a1d19fee90b","atualizar","atualizar"
"https://minitest.automaplay.com.br/promocao/12c6fe01e1ddce59a46a53d25063c1978dab756a","atualizar","atualizar"
"https://minitest.automaplay.com.br/promocao/0ed85e69d25ac1ffd681beca0c048ab3071e78bf","R2D SOLUCOES SUSTENTAVEIS","R2D.SOLUCOESSUSTENTAVEIS@GMAIL.COM"
"https://minitest.automaplay.com.br/promocao/4ffdf3451aee2f56024fff987a7a1420fb693162","ANGEL MODAS","ANGELMODASVSG@HOTMAIL.COM"
"https://minitest.automaplay.com.br/promocao/1428b597dbfb01dbafb9d171f07ad6236c5b6193","J PEREIRA DE MELO - COMERCIO","josejoao1974@bol.com.br"
"https://minitest.automaplay.com.br/promocao/c83016ea0033d95bb59307c753205ef1f396a6bf","JORGEPAPAO25","JORGEPAPAO25@GMAIL.COM"
"https://minitest.automaplay.com.br/promocao/f13b69b4827603842b1b6f776a9bc49001fc21f7","DEPARTAMENTOFISCALWA","DEPARTAMENTOFISCALWA@HOTMAIL.COM"
"https://minitest.automaplay.com.br/promocao/d9746f877e04ce6510d0bf6ea66c16633b527851","atualizar","atualizar"
"https://minitest.automaplay.com.br/promocao/2177c4c031df86ca78fab128eb89817ae7161ecc","BOMBONIERE KI BOMBOM","jj-cia@bol.com.br"
"https://minitest.automaplay.com.br/promocao/50ce233e46083a24b16df0ef482d12fcddac606c","AVICOLA E VARIEDADES PAGUE MENOS","MKSERVICOSCONT@HOTMAIL.COM"
"https://minitest.automaplay.com.br/promocao/a9397c784cb36128be2c6b53833c92077fb4dca8","JOSEFAROZENO00","JOSEFAROZENO00@GMAIL.COM"
"https://minitest.automaplay.com.br/promocao/91272bbffcaafdee235a5c0655c69cd6203d97c9","pr.marcosflorencio","pr.marcosflorencio@hotmail.com"
"https://minitest.automaplay.com.br/promocao/63f52acf66bb5d472cf14946c27ed06c4a94c248","atualizar","atualizar"
"https://minitest.automaplay.com.br/promocao/c8f89736a017a5718a334ba2854ba9a93ccd9a92","ROGERIO DA SILVA SANTOS TRANSPORTES","JAILSON_ACE@HOTMAIL.COM"
"https://minitest.automaplay.com.br/promocao/837b2c08e1433cfdc13492c22dfb633d468ace1c","VALDENIZELIMA82","VALDENIZELIMA82@GMAIL.COM"
"https://minitest.automaplay.com.br/promocao/d2fc031ac548761cbaec8dffb54e522d228fbfbc","JC760708","JC760708@GMAIL.COM"
"https://minitest.automaplay.com.br/promocao/2fa5bfa80b87d0f81039f5993e5f5e3921d6ff07","LEMONATUS NUTRACEUTICOS","GABRIELLA.VILELA16@HOTMAIL.COM"
"https://minitest.automaplay.com.br/promocao/7c385f83fafa7161ad65fd1b8f5a68e29643ccbf","GERALDO.SILVASAN","GERALDO.SILVASAN@HOTMAIL.COM"
"https://minitest.automaplay.com.br/promocao/60cb67ab133f928721e5544f324e0cb89dd87930","ANGELASANTOS0875","ANGELASANTOS0875@GMAIL.COM"
"https://minitest.automaplay.com.br/promocao/8d536e3c97f2db14213845655a08b5cb428ebb27","franklin1212","franklin1212@outlook.com.br"
"https://minitest.automaplay.com.br/promocao/5e8ad40f8a0b333e37eee789eb9df8af983d5dc9","COLEGIO SAO PEDRO","TORQUATO.MELO@HOTMAIL.COM"
"https://minitest.automaplay.com.br/promocao/e060c958f41d4698dc40ad52d3a49dacb68fce1f","ciceromiguel1478","ciceromiguel1478@gmail.com"
"https://minitest.automaplay.com.br/promocao/127f880f3f19063860e34cba5bddea04db24237c","vgama060","vgama060@hotmail.com"
"https://minitest.automaplay.com.br/promocao/2f51a7275cbfc6755ed2cdb63419cd8b5de0c2c0","LUIZFELIPEMOTOPECAS","LUIZFELIPEMOTOPECAS@GMAIL.COM"
"https://minitest.automaplay.com.br/promocao/1d85f97c60d2d6fb096fb10798feffca45fd0779","ROGERIODEZ10","ROGERIODEZ10@HOTMAIL.COM"
"https://minitest.automaplay.com.br/promocao/b7372b36204cae685c7a8ac4ab3c837dbab7867b","atualizar","atualizar"
"https://minitest.automaplay.com.br/promocao/da6bff3a6ae268a2a0d0bc46e70dead00b402437","JUNIORS","TORQUATOMARCIA06@GMAIL.COM"
"https://minitest.automaplay.com.br/promocao/d389fc15575ef0a308440bad95f4e699e2e3b09f","MUNIZCONTABIL1999","MUNIZCONTABIL1999@GMAIL.COM"
"https://minitest.automaplay.com.br/promocao/0e7699d524853cfdae3ed983805665b5329136d6","ADRIANA23TEIXEIRA","ADRIANA23TEIXEIRA@GMAIL.COM"
"https://minitest.automaplay.com.br/promocao/2229f15aaaff0ef5bc8420e7713737bcb1e21eaf","SERVCON","SERVCON@SERVCONCONTAB.COM.BR"
"https://minitest.automaplay.com.br/promocao/06f36d47e47ac9b5cdf09baecd9b5bb29a07e045","VIALE PASSEIOS","ALETEIXEIRAFO95@GMAIL.COM"
"https://minitest.automaplay.com.br/promocao/077d6852378640ca7cd68d78821714cb5ec02400","DENISMOTOS2024","DENISMOTOS2024@OUTLOOK.COM"
"https://minitest.automaplay.com.br/promocao/d185a253b9248dd32bb59670ad1fd2e88903ecf3","Danibiahcc","Danibiahcc@gamil.com"
"https://minitest.automaplay.com.br/promocao/67084f4612179f8f6e944330f3bd028526ebb228","AGROTUDO PRODUTOS AGROPECUARIOS","MKSERVICOSCONT@HOTMAIL.COM"
"https://minitest.automaplay.com.br/promocao/b91a0af609be56e011fb26697e5d9de3e0103613","MEDEIROS MODAS","JFSERVICOSCONT@BOL.COM.BR"
"https://minitest.automaplay.com.br/promocao/d120f1f0e02d9ee9320b8d0437d1e4c590675401","JAILSON.GEL50","JAILSON.GEL50@GMAIL.COM"
"https://minitest.automaplay.com.br/promocao/46710cfb7321047741cd59d1ac57c8e2c6ecf280","R E SILVA PEREIRA","DAVIDCOUTINHONEVES@HOTMAIL.COM"
"https://minitest.automaplay.com.br/promocao/6aa9496ec7e5b72a557012d5c21487326d6cdfdf","WAGNERCLAUDINOTST","WAGNERCLAUDINOTST@GMAIL.COM"
"https://minitest.automaplay.com.br/promocao/2be9b9b62b8a19be27ddbdf26a23ae4b11337d37","VANDILZASANTOSGRACA","VANDILZASANTOSGRACA@HOTMAIL.COM"
"https://minitest.automaplay.com.br/promocao/e00d3030784d609056b896d1a79f4d84a051f18c","FIGRORIFERO E MERCADINHO ANADIA","atualizar"
"https://minitest.automaplay.com.br/promocao/a1a0d76bc76bdb02468554739fd4315e3bbfdfcc","rosileny_tenorio","rosileny_tenorio@hotmail.com"
"https://minitest.automaplay.com.br/promocao/4e1d77def52db49ad18c3bc0d8fbe1902f619075","antoniocarlospb","antoniocarlospb@hotmail.com"
"https://minitest.automaplay.com.br/promocao/a89dfcd9195d1e3d2b75a22667b67c27c1d50a28","PATRICIA.CM.18","PATRICIA.CM.18@HOTMAIL.COM"
"https://minitest.automaplay.com.br/promocao/f62b8cb1be9bdf798b1d6e50eb6aed249b517ec3","MARIA PITANGA","LYONNARABL@HOTMAIL.COM"
"https://minitest.automaplay.com.br/promocao/4462ed0dc08c61289e40d2d1060d4a37c0757a1f","NMI SOLUCOES AGRICOLAS & AMBIENTAIS","INAJAL_18@HOTMAIL.COM"
"https://minitest.automaplay.com.br/promocao/c1bda799793fbf7994f7051242b301e902a4d7be","VANDERLEY GAS","atualizar"
"https://minitest.automaplay.com.br/promocao/ee33525d1291e3c14ef0f32dd009f7bf96753185","NATALICIO & FRIOS","MKSERVICOSCONT@HOTMAIL.COM"
"https://minitest.automaplay.com.br/promocao/21f926cf45dbe945fdf792c3cc38f5cefe394fbd","atualizar","atualizar"
"https://minitest.automaplay.com.br/promocao/4032dcbc0ba1a36ffc53e417702d384e54d42c84","GELGRAVACOES","GELGRAVACOES@GMAIL.COM"
"https://minitest.automaplay.com.br/promocao/9711225ef125556761f8c0f4f049997ea85d1c6a","MERCADINHO E AVICOLA SAO JOSE","MKSERVICOSCONT@HOTMAIL.COM"
"https://minitest.automaplay.com.br/promocao/9759b5e3add80b6b2679b2504ba34cb1102f7631","M DA CONCEICAO SANTOS CORREIA VESTUARIO","JFSERVICOSCONT@BOL.COM.BR"
"https://minitest.automaplay.com.br/promocao/cd58c2d25c445646174667f9b7c8add1f0ecf508","GB FESTAS E EVENTOS","GINALDOBONIFACIOBM22@GMAIL.COM"
"https://minitest.automaplay.com.br/promocao/6257dcc6f7e9ad6054879f32124cb7a68a92df04","atualizar","atualizar"
"https://minitest.automaplay.com.br/promocao/be145e51bdd1da3fbd3b9a805fc8dfbcea15861d","paullofausto","paullofausto@gmail.com"
"https://minitest.automaplay.com.br/promocao/cb9e8c866c09ed49c23ec00cdf27f5e5b8f00673","josejoao1974","josejoao1974@bol.com.br"
"https://minitest.automaplay.com.br/promocao/4a094c3bca544de8df93d463fb2bc1facf74a420","DELMAP.MIRANDA","DELMAP.MIRANDA@HOTMAIL.COM.BR"
"https://minitest.automaplay.com.br/promocao/50fe0ccc5ddb642f78cd39520dc90fe208bcfbcc","BENEDITO FAGUNDES TRANSPORTES","josejoao1974@bol.com.br"
"https://minitest.automaplay.com.br/promocao/5d70ef262fd8f178cbfba4773727b8c484bc2d00","ec","ec@fmt.com.br"
"https://minitest.automaplay.com.br/promocao/03ab29439fa882cbf8ef7ed98e8bfcaa35c2cf49","THALLESLIMA.TL8","THALLESLIMA.TL8@GMAIL.COM"
"https://minitest.automaplay.com.br/promocao/700446ac6561375952494ea39a80bf0129186e3f","DOUGLAS FRIOS","RAILDAP184@GMAIL.COM"
"https://minitest.automaplay.com.br/promocao/4df4ff63a40367495885d5d16626f65c795f4e11","Eelizabethkassia","Eelizabethkassia@hotmail.com"
"https://minitest.automaplay.com.br/promocao/90c01b4fc74ebef5ed36ab340b64af1730ffda6f","atualizar","atualizar"
"https://minitest.automaplay.com.br/promocao/f309cc0f7a1c1ad0745ecbed114abf275bb76fed","atualizar","atualizar"
"https://minitest.automaplay.com.br/promocao/41d99c89f2c5c216a976885f7cb4edf42c0d18d4","JPS DEDETIZACAO","JPSDEDETIZACAO@HOTMAIL.COM"
"https://minitest.automaplay.com.br/promocao/f804bf8b7240b35125959ac23af2992d0b914c9c","ELYJAMESSOARES","ELYJAMESSOARES@GMAIL.COM"
"https://minitest.automaplay.com.br/promocao/94cceedd0e291090d5d08a5025cf7c93032cb12e","SERVICOS MEDICOS SANTOS","ERYCAA.THAIS@GMAIL.COM"
"https://minitest.automaplay.com.br/promocao/26ef4b2ada161f1c17bb021ae80b4307d92f549d","T A DOS SANTOS COMERCIO","ADMINISTRATIVO@TORQUATOEMELO.COM"
"https://minitest.automaplay.com.br/promocao/35566d38de0fe2af8019df8f85e49b418035bc4b","M.S. DE MELO TRANSPORTES","proconta.anadia@hotmail.com"
"https://minitest.automaplay.com.br/promocao/2b7bae7561d8400e6051b87b9485326dba3ce0bc","atualizar","atualizar"
"https://minitest.automaplay.com.br/promocao/fa1c52832cdd2936daf5dcf81ff65515216ae444","AVICOLA SAO FRANCISCO","claudio.barbosa.1974@hotmail.com"
"https://minitest.automaplay.com.br/promocao/c319db0bdfeaf6ee9a57ab95d6e4cf656f63458d","atualizar","atualizar"
"https://minitest.automaplay.com.br/promocao/2764535c3c1a6f4ac37165cbc06ad4ed422e101a","MERCADINHO SAO SEBASTIAO","josejoao1974@bol.com.br"
"https://minitest.automaplay.com.br/promocao/f0e8fe113f144b2823d922f6e2a8425bafa4a07d","atualizar","atualizar"
"https://minitest.automaplay.com.br/promocao/be16c1f8213d412e3fe9fefb113f7dba78df3a25","IZABELSARASARA","IZABELSARASARA@GMAIL.COM"
"https://minitest.automaplay.com.br/promocao/a9a5c424fce83ebb7c0f2360db165bf7eb30f004","MERCADINHO SANTO ANTONIO","TORQUATO.MELO@HOTMAIL.COM"
"https://minitest.automaplay.com.br/promocao/1b5c398c05f4a497c82cae8b4d38102943481add","L R REPRESENTACOES","ARNALDOJUNIOR26@HOTMAIL.COM"
"https://minitest.automaplay.com.br/promocao/fe9d9fd22f27ce379c4e2f501f336e8c19f7f0ea","JVICTORCELL98","JVICTORCELL98@GMAIL.COM"
"https://minitest.automaplay.com.br/promocao/398ce399ba2632ff1c860b5118bacfd4537726c0","MARIAJOSEANADIA","MARIAJOSEANADIA@OUTLOOK.COM"
"https://minitest.automaplay.com.br/promocao/12c32b4419ba3d329be1f2c4df746d1c676a9107","ROSECAMILAALVESDOSSANTOS","ROSECAMILAALVESDOSSANTOS@GMAIL.COM"
"https://minitest.automaplay.com.br/promocao/dbc24102e7b87a885f815673f80a1e52763e370d","LULUEI","ADMINISTRATIVO@TORQUATOEMELO.COM"
"https://minitest.automaplay.com.br/promocao/11148eb6bcfccf43b8ff5cbe110ca948a36f029b","clesivaldosantosbarbosa","clesivaldosantosbarbosa@hotmail.com"
"https://minitest.automaplay.com.br/promocao/e8e6815047c8666431d8780ab71864afe9dc0f5b","SILVIA.TELES.BR","SILVIA.TELES.BR@GMAIL.COM"
"https://minitest.automaplay.com.br/promocao/ef8317c9a022860940e684bbad49bc063130ecec","A. NASCIMENTO PALMEIRA","atualizar"
"https://minitest.automaplay.com.br/promocao/5a750729813c327a08516ace7d9ade40b022073c","MERCADINHO SOUZA","JAILSON_ACE@HOTMAIL.COM"
"https://minitest.automaplay.com.br/promocao/2fa9a1247543e11990b108b7e758f30bca1b494a","lucenadaniele89","lucenadaniele89@hotmail.com"
"https://minitest.automaplay.com.br/promocao/ff11d3944cd7bebb4dbe48a0bef37e1dd776f012","CARDOSO VEICULOS","FREIRE_ADVOCACIA@HOTMAIL.COM"
"https://minitest.automaplay.com.br/promocao/054868d4ae5c15f86b3b2789696e41bdb2b113cc","MAYALBUQUERQUE13","MAYALBUQUERQUE13@GMAIL.COM"
"https://minitest.automaplay.com.br/promocao/976792381a7c631e0a9dcecf90da12aa9c91e052","JACY2195","JACY2195@GMAIL.COM"
"https://minitest.automaplay.com.br/promocao/f3395a24a659da61fae37dc91a02bd096860fee8","RODOLFRIOREFRIGERACAOELETRICA","RODOLFRIOREFRIGERACAOELETRICA@GMAIL.COM"
"https://minitest.automaplay.com.br/promocao/91fe378d5ecaa86e52c83412cf5658d2bd06c706","PHOTOPEDRO2","PHOTOPEDRO2@GMAIL.COM"
"https://minitest.automaplay.com.br/promocao/939f0cd5ce02ebebc8bcf330c7e296e623409105","carlinhabarbosa17","carlinhabarbosa17@hotmail.com"
"https://minitest.automaplay.com.br/promocao/c01a56d490745a446a4784bfbe54b41a3d9be11d","JEFFERSON VIEIRA DE SOUZA","JEFFERSONVIEIRA18@HOTMAIL.COM"
"https://minitest.automaplay.com.br/promocao/713e6a3cb3c76ef425c4ae4d3027c368ff8c74a4","MELKSEDEQUE94","MELKSEDEQUE94@GMAIL.COM"
"https://minitest.automaplay.com.br/promocao/e2ac4a14404a3f01d0c9debee7652bea1391a4e1","ROSEJUSTINO83","ROSEJUSTINO83@GMAIL.COM"
"https://minitest.automaplay.com.br/promocao/e4faecdce31a7b8702cb46f2c7a5fa7e08b68782","HIPER CENTER SUPERMERCADO BELA VISTA","EMMANUELFERROF@HOTMAIL.COM"
"https://minitest.automaplay.com.br/promocao/0b5e1e2c5562d3b8d44dcfcabe6a17088f119681","ARTUR100-SOUZA","ARTUR100-SOUZA@LIVE.COM"
"https://minitest.automaplay.com.br/promocao/1ac32ec88244d26ca89ede1bf433fea905a007f9","BRUNOJORDCDA","BRUNOJORDCDA@GMAIL.COM"
"https://minitest.automaplay.com.br/promocao/64cdc77f22bbaaf572ee9beba5809675533490fa","atualizar","atualizar"
"https://minitest.automaplay.com.br/promocao/742caaec9bb4d1537700c91aa9ac6a4636e09bbd","PAULOCC.UFAL","PAULOCC.UFAL@GMAIL.COM"
"https://minitest.automaplay.com.br/promocao/a5bcf8abda439f3441364bcc1b8da98de7acf2ad","LOTERIA RUMO DA SORTE","jailson_ace@hotmail.com"
"https://minitest.automaplay.com.br/promocao/60b21ff801d035bed78a1ccd25e2a83cf67bb890","atualizar","atualizar"
"https://minitest.automaplay.com.br/promocao/7df4849411b2a8a8ff9ec131f3f64421ba525123","VR.VARIEDADES.AL","VR.VARIEDADES.AL@GMAIL.COM"
"https://minitest.automaplay.com.br/promocao/dd7c8f5d49fe6f1773d001e6c86ff2ec4177ac94","atualizar","atualizar"
"https://minitest.automaplay.com.br/promocao/e476d04cf5e5f50da6eb5996d5f251536667f438","WAGNERCLAUDINOTST","WAGNERCLAUDINOTST@GMAIL.COM"
"https://minitest.automaplay.com.br/promocao/6937020c921680bab32cfae90ac8b720d7961d23","MARIA DE FATIMA TORQUATO DOS SANTOS 98638025491","jaimilson02@hotmail.com"
"https://minitest.automaplay.com.br/promocao/a137716e9354b06dfb780372e4eaf077bac27013","GOMES TRANSPORTES","MKSERVICOSCONT@HOTMAIL.COM"
"https://minitest.automaplay.com.br/promocao/c14682bd2136a1591916a0f03fddbb8be46e3e51","HENRIQUEALVES1996BLE","HENRIQUEALVES1996BLE@GMAIL.COM"
"https://minitest.automaplay.com.br/promocao/115de3824fb94263d92229e11596dd948fcc8f09","NJ DOCES & SALGADOS","MKSERVICOSCONT@HOTMAIL.COM"
"https://minitest.automaplay.com.br/promocao/1a4d46b4a7b25ad33452a5c091d910ab5d575c4f","MOTO7","MOTO7@OUTLOOK.COM.BR"
"https://minitest.automaplay.com.br/promocao/d4f88da62901484c44b4e673fd550bdbb5075ae8","SOUZAVIDROS","SOUZAVIDROS@YMAIL.COM"
"https://minitest.automaplay.com.br/promocao/cea11e413af1f9c9e1c7a87becf2675ff73d8c17","JOSIVALDOAMANCIO.MEI","josivaldoamancio.mei@gmail.com"
"https://minitest.automaplay.com.br/promocao/fb61a3f7bbf6f56be20e51b61d540d867a2670a1","kaioemile","kaioemile@hotmail.com"
"https://minitest.automaplay.com.br/promocao/b6e58d5320cfb43b6d39f23f29db9146fe82d283","MARCELADACCB","MARCELADACCB@GMAIL.COM"
"https://minitest.automaplay.com.br/promocao/6eb84f29d1c99e7a34ff7b2ec7ceee2d39025dc1","OFICINA SANTO ANTONIO","atualizar"
"https://minitest.automaplay.com.br/promocao/c08fcc01e79a316b9a084064520c5f128f8da24d","FREIRE SEGURANCA","atualizar"
"https://minitest.automaplay.com.br/promocao/53c30bb3c18bd09a9ef3ab2fa1d7b909fdf55037","WELLINGTON FRIOS","atualizar"
"https://minitest.automaplay.com.br/promocao/f97f9c405cb1be490ca6c0bdfb1bda7ed1af4518","CARLOSBRANCAGLION13","CARLOSBRANCAGLION13@GMAIL.COM"
"https://minitest.automaplay.com.br/promocao/f7884f579af6513f0c89ef789df703b0591e5bd9","LUYLTONARAUJO967","LUYLTONARAUJO967@GMAIL.COM"
"https://minitest.automaplay.com.br/promocao/3191acc0d4711a834970cae1908758364c5f0c98","ANAPAULACORDEIRO417","ANAPAULACORDEIRO417@GMAIL.COM"
"https://minitest.automaplay.com.br/promocao/7d9a16ab6e8800500bb4902a3fabaa373715d03b","3LT BRASIL","eudes@gmail.com"
"https://minitest.automaplay.com.br/promocao/f0c37aae1aa03d38e088076d074a634f18921f58","MINISITIO.NET","contatobr@mycardcity.net"
"https://minitest.automaplay.com.br/promocao/ebecb3d718d9cdeee462fba570bf41a9646cfab6","KELLY CONFECCOES E VARIEDADES","josejoao1974@bol.com.br"
"https://minitest.automaplay.com.br/promocao/68b12b97a899bc98df9e87efa091b0e108a08024","ANDERSON.LUAN10","ANDERSON.LUAN10@TERRA.COM.BR"
"https://minitest.automaplay.com.br/promocao/968d9deb158184a2c1e7dc6ea6e4ab895e09a097","PEIXARIA DO ERALDO","ERALDO@HOTMAIL.COM"
"https://minitest.automaplay.com.br/promocao/48a386d4932b474ab654ea629af7d8b8751937ac","M M TENORIO FIDELIS","JFSERVICOSCONT@BOL.COM.BR"
"https://minitest.automaplay.com.br/promocao/f58b2d42bcb6a77ec3bbadb01596d28331025e77","RAY MAIA SAMPAIO LTDA","MCELESTINOCONTABILIDADE@HOTMAIL.COM"
"https://minitest.automaplay.com.br/promocao/3cdcf00fdc4c88a82cefed75b50dfdef3d1ee179","WEMBLEYCIRCO","WEMBLEYCIRCO@GMAIL.COM"
"https://minitest.automaplay.com.br/promocao/ee9abab3c671e5373aa95bfa3662bbdd47b792e4","JOSEEDIBERTOFONSECAGOMES","JOSEEDIBERTOFONSECAGOMES@GMAIL.COM"
"https://minitest.automaplay.com.br/promocao/e33096ba3aa4380abb372a71c3f607ef261c7da0","SCLAUDENOR102","SCLAUDENOR102@GMAIL.COM"
"https://minitest.automaplay.com.br/promocao/d0af17806d427dc7beb73d184a56d7f9e871e080","MOACIRARAUJOROCHA591","MOACIRARAUJOROCHA591@GMAIL.COM"
"https://minitest.automaplay.com.br/promocao/5fc13dde005c6cfc187c095ffe87b720bfed0453","ADMINISTRATIVO","ADMINISTRATIVO@TORQUATOEMELO.COM"
"https://minitest.automaplay.com.br/promocao/dab73af1d0f62c8587f0043183a370e042b686a6","HIGIMAISLIMPEZADEESTOFADOS","HIGIMAISLIMPEZADEESTOFADOS@GMAIL.COM"
"https://minitest.automaplay.com.br/promocao/315bcd3557d053ad3834890c8bf260e68f05a9c0","VITORIA TRANSPORTES","atualizar"
"https://minitest.automaplay.com.br/promocao/1d2d8931f663e94f6e67012607d8baf1f6669091","MARIA KATIANE FELICIANO DA SILVA 06599160450","MARIAKATIANEFELICIANO@HOTMAL.COM"
"https://minitest.automaplay.com.br/promocao/76c2e8b7f9935ed4a8a7c5bcade4d2418866b7d4","CONSTRUMAIS","JORGEJOAOSILVA142@GMAIL.COM"
"https://minitest.automaplay.com.br/promocao/ee7fedf4bdf5338b0eb1c5d6513778f576e48e0f","SHEVERINODELIMA","SHEVERINODELIMA@GMAIL.COM"
"https://minitest.automaplay.com.br/promocao/f9b2802b44c0ed3854ae6fa2925158eef0d31633","R D TRANSPORTES","MKSERVICOSCONT@HOTMAIL.COM"
"https://minitest.automaplay.com.br/promocao/4395f8e5266e015731e04a3857dc3a4addca0840","ROCHA SEGUROS","JAILSONaACE@HOTMAIL.COM"
"https://minitest.automaplay.com.br/promocao/4a33e2382bb3caabd97447c3d56c6bae1fb11ff6","CORDEIROS BOA VISTA","MSOARESCONTABILIDADE@HOTMAIL.COM"
"https://minitest.automaplay.com.br/promocao/d531c850e18a5d6d77228dad99c20948fcf5285d","JC7640708","JC7640708@GMAIL.COM"
"https://minitest.automaplay.com.br/promocao/dc64a28980979d7b9f8b772391e1a3143fbabe66","atualizar","atualizar"
"https://minitest.automaplay.com.br/promocao/1508a5b4f0b26066b9c3ffd6ac61bad9cbb7efd5","atualizar","atualizar"
"https://minitest.automaplay.com.br/promocao/77defa767706c46c4cfa8204b561ebc33ac7660f","josiasjosias20031978","josiasjosias20031978@outlook.com"
"https://minitest.automaplay.com.br/promocao/1937c7d65e5df1ea1e001c6ea0721339c4f3fa8b","VIVACE FITNESS","SERGIOJUNIOR26@HOTMAIL.COM"
"https://minitest.automaplay.com.br/promocao/e11b7aa15d50e5249eeadcb4af9ff2ea56cecaa6","josenildoss10","josenildoss10@hotmail.com"
"https://minitest.automaplay.com.br/promocao/90f3b6c4270192fc5a53cd70f672c2d6b56f66c7","fran_nobre20","fran_nobre20@hotmai.com"
"https://minitest.automaplay.com.br/promocao/c64d91800d7a4d0dd73d12ab6af677af65cc5753","B & R LOCACAO E MECANIZACAO AGRICOLA","CONTATICA@UOL.COM.BR"
"https://minitest.automaplay.com.br/promocao/2401f6172ac65ac5bcb55c40545d0c9fbc3ec60f","WOLATANRIBEIRO","WOLATANRIBEIRO@GMAIL.COM"
"https://minitest.automaplay.com.br/promocao/e9a30a9b683c69ad9e657955875751ee5752bf64","EDUARDATEIXEIRA612","EDUARDATEIXEIRA612@GMAIL.COM"
"https://minitest.automaplay.com.br/promocao/4ed6e1399543515a730715e0b4ac673c8e881a45","HOME CENTER SILVA","FARMACIASILVAMATRIZ@GMAIL.COM"
"https://minitest.automaplay.com.br/promocao/daa63ef77548f9586c643c745c5fe2a4dd8fe385","simonny-tigre1","simonny-tigre1@hotmail.com"
"https://minitest.automaplay.com.br/promocao/9df04d85e1f751f716fe9bf68488899a21fcf34a","ANA MEIRE DE OLIVEIRA MESSIAS 86034022487","atualizar"
"https://minitest.automaplay.com.br/promocao/562b19445fc13fd6ec924cf7b36f58beb1364c65","WALLISSON.LUIZ20","WALLISSON.LUIZ20@GMAIL.COM"
"https://minitest.automaplay.com.br/promocao/46470e0cc6d2b601fa07a81f00e25d5bd416c432","reny.consultoria","reny.consultoria@hotmail.com"
"https://minitest.automaplay.com.br/promocao/3845dee38ffcd6552a069a67e064d6ea7cc67214","CLINICA ESTER BARROS","ODONTOANADIA@HOTMAIL.COM"
"https://minitest.automaplay.com.br/promocao/31fea05593b1e81694ec1de80e28dcb6f014227f","HOME CENTER CONSTRULAR","JAILSON_ACE@HOTMAIL.COM"
"https://minitest.automaplay.com.br/promocao/895e16e2203e83822ff8d22c98ba16148958e3f9","atualizar","atualizar"
"https://minitest.automaplay.com.br/promocao/f46b64866ff8c4599c48b76da110e2174b18acce","S.ENEDINO","S.ENEDINO@YAHOO.COM.BR"
"https://minitest.automaplay.com.br/promocao/cbfa1c8ac729b3bc979bfe75b5a44e67a53178b6","atualizar","atualizar"
"https://minitest.automaplay.com.br/promocao/4373ed7db073f6f0651482fa031bc5654e439b09","GUINHO MAQUINAS","JOSEWAGNERDESOUZAGUINHO@GMAIL.COM"
"https://minitest.automaplay.com.br/promocao/029006120c6a32be436477a17407c58ca2fe1581","MERCADINHO DONA ECONOMIA","MKSERVICOSCONT@HOTMAIL.COM"
"https://minitest.automaplay.com.br/promocao/5e1cea59bbbb03adb4df7e7875a8b2eb108a64ba","THIAGO PEDRO RODRIGUES DE VASCONCELOS 04915109429","TR-VASCON@BOL.COM.BR"
"https://minitest.automaplay.com.br/promocao/89a123a7bb5f5eae478c51c81e9424a07425799f","DIEGOROCHAACTUA","DIEGOROCHAACTUA@GMAIL.COM"
"https://minitest.automaplay.com.br/promocao/7b767fa727edea8116a80e6d8c3ecb91dfab4ff7","jorgeluizadv","jorgeluizadv@hotmail.com"
"https://minitest.automaplay.com.br/promocao/21bceae55a066c210d434cdd874b379fa64df077","ANTONIO DOS SANTOS CAMILO 49670298415","atualizar"
"https://minitest.automaplay.com.br/promocao/1658f723cc6d2fba170452f423d096fa1706f03f","JOSE LEANDRO DA CONCEICAO LIMA 09596791460","joseleandro_@hotmail.com"
"https://minitest.automaplay.com.br/promocao/f5831efc18ea6f931dbd319b391d8dbd8b01568d","JAMESMELLO4","JAMESMELLO4@GMAIL.COM"
"https://minitest.automaplay.com.br/promocao/5686e99098f94d99043f8372f570fe7c80b2669a","ERIZAN_FERNANDES","ERIZAN_FERNANDES@HOTMAIL.COM"
"https://minitest.automaplay.com.br/promocao/34443c4057d0664dae74f567a4fb564de983376e","FABRICIOGUSTAVO076","FABRICIOGUSTAVO076@GMAIL.COM"
"https://minitest.automaplay.com.br/promocao/a59f3b1002c6ad7dac89bc933b543e4e5320eeb5","EDMUNDOJJA","EDMUNDOJJA@GMAIL.COM"
"https://minitest.automaplay.com.br/promocao/1a28e92119f7084c41bc6c1daa0f015fe2cc9a37","LUCILEIDE_MESSIAS123","LUCILEIDE_MESSIAS123@HOTMAIL.COM"
"https://minitest.automaplay.com.br/promocao/e34c5198cb48d9681fadfcf8f79522cdb46a9b86","ALEXANDREANADIA","ALEXANDREANADIA@HOTMAIL.COM"
"https://minitest.automaplay.com.br/promocao/d7fe469b900fc6d0b5a1053d44ac92d348c0be3d","SONIA.NS1079","SONIA.NS1079@GMAIL.COM"
"https://minitest.automaplay.com.br/promocao/f160d01570794163b0f1b93d4d2883eab60b4bf6","CICEROPEPESE1","CICEROPEPESE1@GMAIL.COM"
"https://minitest.automaplay.com.br/promocao/e6bed29661c7311eddfae984c08b092491578914","3G CONSTRUCOES","proconta.anadia@hotmail.com"
"https://minitest.automaplay.com.br/promocao/f34c58f8cbc9280ea5bbb747dc631180d3bb48bf","STEPHANYE KACYE DA SILVA ALBUQUERQUE 07755121410","KACYENETTO@HOTMAIL.COM"
"https://minitest.automaplay.com.br/promocao/a2c02934c610941cff1ee06bd01ff5756af37eb3","thais.e.vieira","thais.e.vieira@hotmail.com"
"https://minitest.automaplay.com.br/promocao/5e01e0e5a1e437f165ac946e0bb0a8493472412a","DONA CONVENIENCIA E RESTAURANTE","ATENDIMENTO@REALCONTABIL-AL.COM.BR"
"https://minitest.automaplay.com.br/promocao/e1a3e175a63703cc5d8c756031f144a55c574dc6","SOUZA AUTO PECAS","ADMINISTRATIVO@TORQUATOEMELO.COM"
"https://minitest.automaplay.com.br/promocao/d0a299c3804d9186d436567e3cd1579e4a8cbd51","MARCUS-TELES","MARCUS-TELES@HOTMAIL.COM"
"https://minitest.automaplay.com.br/promocao/d76e76ff9257139a24812044cadbb9647a4dd224","ELENILDACORREIA","ELENILDACORREIA@GMAIL.COM"