"url_perfil","Nome Anúncio","Email de Retorno"
"https://minitest.automaplay.com.br/promocao/69fd9dc9770be35a97ebac0d207efed62dda9459","empresa 13","dev@ziiz.com.br"
"https://minitest.automaplay.com.br/promocao/b575a065f198027c05db1202cf68920a343b6978","prefeitura agua branca 2025","dev@ziiz.com.br"
"https://minitest.automaplay.com.br/promocao/4a56effa67bf53ae51d242773b1cc112d2f88cf1","EDILSONDOHOTEL","EDILSONDOHOTEL@GMAIL.COM.BR"
"https://minitest.automaplay.com.br/promocao/86524307e1db30fed360d3122e7a3d5b2abdd36f","MERCADINHO CARVALHO","cleniocont@uol.com.br"
"https://minitest.automaplay.com.br/promocao/c7d99e70dde1304b4f4ea866db8243543831d03b","CARMEMLUCIARODRIGUES42","CARMEMLUCIARODRIGUES42@GMAIL.COM"
"https://minitest.automaplay.com.br/promocao/ce598f0bd46d6326cb1e41974910fb29db27b489","JOSIELLM25SANTOS","JOSIELLM25SANTOS@HOTMAIL.COM"
"https://minitest.automaplay.com.br/promocao/b83d0d290f5fb7c51b47128cff2d088401fc98a5","PROFITCONT","PROFITCONT@OUTLOOK.COM"
"https://minitest.automaplay.com.br/promocao/68b0a49aa3c8dc71bd1fb09ef92bd859fc99ae24","MMACIELSANTOSFARIAS","MMACIELSANTOSFARIAS@GMAIL.COM"
"https://minitest.automaplay.com.br/promocao/ef86c70ab3aee65b6bc165ba64a9da163b926139","MARIA ODETE SILVA DE SOUZA 24150177449","andressasilvadesousa@hotmail.com"
"https://minitest.automaplay.com.br/promocao/faa10dd38eda74f1216337756f9c01b3a53e51b3","CASA DE RACOES MS","MS_SANDES@HOTMAIL.COM"
"https://minitest.automaplay.com.br/promocao/ad5d28895f13b0859cf9da595726433fe15b416e","CECILIAROSA_13","CECILIAROSA_13@HOTMAIL.COM"
"https://minitest.automaplay.com.br/promocao/dba092279a4433877b9d1e78f59432bf49b7b178","DAVIDMARIANO1310","DAVIDMARIANO1310@GMAI.COM"
"https://minitest.automaplay.com.br/promocao/3d1735ce0054137325e1e87789226fa61018de45","SAO LUCAS DIAGNOSTICOS","SAOLUCASFINANCEIRO@HOTMAIL.COM"
"https://minitest.automaplay.com.br/promocao/d9c8419fec237b9e27becc7c8ab2026d705e23b4","SERRALHARIASOARES.AB","SERRALHARIASOARES.AB@HOTMAIL.COM"
"https://minitest.automaplay.com.br/promocao/81aacee71ef9c969b3447310cf38b2b86ec21638","ligiafeitosaa","ligiafeitosaa@hotmail.com"
"https://minitest.automaplay.com.br/promocao/a07d9a34895dec18e9a37361171f5607f885627f","JB SERVICOS","JOAO.IAGO08@HOTMAIL.COM"
"https://minitest.automaplay.com.br/promocao/961b0a1f9dbe6541d29b0e228a72294255ab9c1f","atualizar","atualizar"
"https://minitest.automaplay.com.br/promocao/b91f9aad2f5302860ea92174d39c3aa8ad792557","atualizar","atualizar"
"https://minitest.automaplay.com.br/promocao/386025c334b35355feed24400b5c6d8a9c1f2445","LUIZ.AUGUSTO2","LUIZ.AUGUSTO2@HOTMAIL.COM"
"https://minitest.automaplay.com.br/promocao/8d41c0d5511a957eefac763f57bc26e535d83d54","tatyane.rodrigues.ts","tatyane.rodrigues.ts@gmail.com"
"https://minitest.automaplay.com.br/promocao/2af2aff6322d8f94050e0d9e28e6b06786d081c1","LANCHONETE NOSSA SENHORA DA CONCEICAO","GRACYSOBREIRA@HOTMAIL.COM"
"https://minitest.automaplay.com.br/promocao/2c2b9faeb06d9f0def7ab60905af9cdbef87cb0b","CIDA_105","CIDA_105@HOTMAIL.COM"
"https://minitest.automaplay.com.br/promocao/45e962ef9bd880c4664249bbe2720e59cfdbc85d","DANIEL ENERGY","DANIELDAPAZ860@GAMIL.COM"
"https://minitest.automaplay.com.br/promocao/10061fad934fc579682b23d8a32967abc4e147f8","RAMALHO MOVEIS","atualizar"
"https://minitest.automaplay.com.br/promocao/481a66c363fea460ba982a55d63e9b171ddf7b3d","MERCADINHO EDUARDO LIMA","jserafim@oi.com.br"
"https://minitest.automaplay.com.br/promocao/10b7031792eb35f207050e8ca2d1c72c04e64950","DENDA CONSTRUCOES","FAGNERVENTURA2@HOTMAIL.COM"
"https://minitest.automaplay.com.br/promocao/5bec923b3028bd473e69c5cc63fde25cbf63ab7b","LUANRICO777","LUANRICO777@GMAIL.COM"
"https://minitest.automaplay.com.br/promocao/933165faced1b00104bb51a849a20793a008cad7","ROSE59SOUZ1","ROSE59SOUZ1@GMAIL.COM"
"https://minitest.automaplay.com.br/promocao/19e93ad958e5777d8f57883d8762faf7891215b0","atualizar","atualizar"
"https://minitest.automaplay.com.br/promocao/e8740365c9f47158b167f32f48ecb78f3e52255d","atualizar","atualizar"
"https://minitest.automaplay.com.br/promocao/1c6df048f00cd7f10e7b592bcc4690e90654d3a0","ROZIANESOARES17","ROZIANESOARES17@GMAIL.COM"
"https://minitest.automaplay.com.br/promocao/eb1db841bb347695f669660b4283757d0ee81cb9","atualizar","atualizar"
"https://minitest.automaplay.com.br/promocao/773d88325bb4ea47eb20515a311230dece18dabb","atualizar","atualizar"
"https://minitest.automaplay.com.br/promocao/008be76a60b2a84a2558524f6b88f204f6d8f3df","atualizar","atualizar"
"https://minitest.automaplay.com.br/promocao/3b9339da5b157e38ef7720b602df57b8ae02496b","GRACIETE SOBREIRA LIMA","gracysobreira@hotmail.com"
"https://minitest.automaplay.com.br/promocao/8d594219cafe84b9a7ec7a9c259b70558e83456c","LABORATORIO DE PROTESES SAO JOSE","atualizar"
"https://minitest.automaplay.com.br/promocao/4fc12f14fed69ae6c44995db57eaa159f68f6194","HELO.QISA","HELO.QISA@HOTMAIL.COM"
"https://minitest.automaplay.com.br/promocao/ade4544173b3d60e9f8ef0243dc7c8308e2903ca","FERNANDOBARBOSADESOUSA50","FERNANDOBARBOSADESOUSA50@GMAIL.COM"
"https://minitest.automaplay.com.br/promocao/51567d6092cf322054c31c9641c1c0497fe8b55e","FAGNERVENTURA2","FAGNERVENTURA2@HOTMAIL.COM"
"https://minitest.automaplay.com.br/promocao/694d1f7dfcb24ee7b5e8bc350a48c8a5a82871c2","CAMILACAMILAAS","CAMILACAMILAAS@GMAIL.COM"
"https://minitest.automaplay.com.br/promocao/b294ade084f5470b2f739848c4bebc00b6bb4510","atualizar","atualizar"
"https://minitest.automaplay.com.br/promocao/dbf03a05a78ee651d8144395e1f0d86518e378d8","MANOELGS0731","MANOELGS0731@GMAIL.COM"
"https://minitest.automaplay.com.br/promocao/169de347a051654997911e517f6932257431a9e9","euamomateus","euamomateus@ig.com.br"
"https://minitest.automaplay.com.br/promocao/85784f5de8caa08a21b515d1011993206f4fb3ff","MERCADODEUSEFIEL2015","MERCADODEUSEFIEL2015@GMAIL.COM"
"https://minitest.automaplay.com.br/promocao/514ae4ddbc5f5dfb1449955c0ee5c340e2ba3438","MARIAAUXILIADORA29","MARIAAUXILIADORA29@OUTLOOK.COM"
"https://minitest.automaplay.com.br/promocao/2d53d0903a37cfe6073db0f4b95f4f58aecf5f5b","MERCADO GOMES","MERCADOGOMESAB@GMAIL.COM"
"https://minitest.automaplay.com.br/promocao/86251745c699b85aa4317a811605ef3956bac15a","LABORATORIO DE PROTESE DENTARIA PADRE CICERO","V_LOPESOLIVEIRA@HOTMAIL.COM"
"https://minitest.automaplay.com.br/promocao/fe492f146a6f179b5dbe26ac69bb8aa5d0f959de","MERCADINHO PADRE CICERO","RIVALDOGONCALVESBATISTA@GMAIL.COM"
"https://minitest.automaplay.com.br/promocao/2d854bd214273e7b0253745b5cc8572d764b16aa","atualizar","atualizar"
"https://minitest.automaplay.com.br/promocao/24907715229a5b2bdcacfc9417ebee2a4f03930b","atualizar","atualizar"
"https://minitest.automaplay.com.br/promocao/ae7604b540f6df577075cbdacea5f40d014a0a8e","atualizar","atualizar"
"https://minitest.automaplay.com.br/promocao/9dedd544cb0c0d31d0cc898a89f3a9511fa09440","lwmotopecas","lwmotopecas@hotmail.com"
"https://minitest.automaplay.com.br/promocao/1f340b92146d0aa55d82dbf5005ea5917929e583","PAULO MADEIRA","SVPAULOHENRIQUE@GMAIL.COM"
"https://minitest.automaplay.com.br/promocao/19e4e18b1cc24374046a390c96f2406b9c9e614e","UFELIPEB","UFELIPEB@GMAIL.COM"
"https://minitest.automaplay.com.br/promocao/abbe49ea3c9b8e8174a44fc1689db0148640e412","marciano321cavalcante","marciano321cavalcante@gmail.com"
"https://minitest.automaplay.com.br/promocao/6e0cf1154dbd2bc27ca557d3d600b568a55ee901","ANACRISTINA202333","ANACRISTINA202333@GMAIL.COM"
"https://minitest.automaplay.com.br/promocao/d7f7f6c960be9a30534647797acf15f9460dd0c9","QUEL.SANTOS012015","QUEL.SANTOS012015@GMAIL.COM"
"https://minitest.automaplay.com.br/promocao/27c21195fa9cb694834d7ec8ea2f421e46a2ea06","CLAUDIOAIRESDASILVA1984","CLAUDIOAIRESDASILVA1984@GMAIL.COM"
"https://minitest.automaplay.com.br/promocao/2500c44751f63064fc7db242f57955d6af8dd2cc","JOSELUIZGOMES00","JOSELUIZGOMES00@GMAIL.COM"
"https://minitest.automaplay.com.br/promocao/510452c3be079c53cafc865715d18711e8a3e56c","SEVEN7ECH","SEVEN7ECH@HOTMAIL.COM"
"https://minitest.automaplay.com.br/promocao/18663fcb4c114e71adee3fd5d62e8ab4fb3391f8","NATALIAMARIANATALIA40","NATALIAMARIANATALIA40@GMAIL.COM"
"https://minitest.automaplay.com.br/promocao/39dff49cba5d3993604b410e6035d9027e0f0276","CARLALACERDA2010","CARLALACERDA2010@HOTMAIL.COM"
"https://minitest.automaplay.com.br/promocao/53eabbf9bd715f6670662d897120fddd0174e879","pedroalagoas183","pedroalagoas183@gmail.com"
"https://minitest.automaplay.com.br/promocao/3dbe0e5862d167742ac0b2517a25b22bedba097b","NATALIA.SIQUEIRAAB2017","NATALIA.SIQUEIRAAB2017@GMAIL.COM"
"https://minitest.automaplay.com.br/promocao/c36ddb58ddd787d34a64e1dbfdc3cfce2b7da5a5","LUIZMONTEIRO3795","LUIZMONTEIRO3795@GMAIL.COM"
"https://minitest.automaplay.com.br/promocao/d529d27f4bc4595c58da299d69bc452f3e6ab24f","CARLINHOS_FOTOS","CARLINHOS_FOTOS@HOTMAIL.COM"
"https://minitest.automaplay.com.br/promocao/2c808f97d4e6af8e6269d96301b171cb2dbe8016","JEANCARLOSJEAN.123","JEANCARLOSJEAN.123@GMAIL.COM"
"https://minitest.automaplay.com.br/promocao/ee823b52d6d872b553c46d4c068c5a598b9cd55c","atualizar","atualizar"
"https://minitest.automaplay.com.br/promocao/ed76381f112e96915d028479e926699a72b727da","JESSEFREIRE1","JESSEFREIRE1@GMAIL.COM"
"https://minitest.automaplay.com.br/promocao/130f6c8f40ca9a4f91dbb913c97067ef8bd443cb","RAFAELAGUABRANCA392","RAFAELAGUABRANCA392@GMAIL.COM"
"https://minitest.automaplay.com.br/promocao/8f05f1f9aa686a009898dfd854b491bdec833808","nana.sandes1","nana.sandes1@hotmail.com"
"https://minitest.automaplay.com.br/promocao/42b0ca21aa4f68eaee7ba06d29de99a5b443f593","FARMA VET","RICKSOUZA1313@GMAIL.COM"
"https://minitest.automaplay.com.br/promocao/9664e3bd7e112329d9092e0dba46b1166f0ac073","GABRIELPRS1997","GABRIELPRS1997@GMAIL.COM"
"https://minitest.automaplay.com.br/promocao/a0b7e39834ee70603517b142545cdf6d1a958c8c","DAVI-GOMES2001","DAVI-GOMES2001@OUTLOOK.COM"
"https://minitest.automaplay.com.br/promocao/379db08558332fbadc8f595cc031864c260b1a47","MERCADINHO GONCALVES","WELLINGTONACESSORIOAS22@GMAIL.COM"
"https://minitest.automaplay.com.br/promocao/98484d45e353699d14d0e36ce16745cb0ba886be","FK.BEZERR","FK.BEZERR@GMAIL.COM"
"https://minitest.automaplay.com.br/promocao/9c512e3cb77db2e47d71cada7392d57f12c1b150","atualizar","atualizar"
"https://minitest.automaplay.com.br/promocao/68292feb598805fc4e9b29a8e6b8ccfafffe4293","atualizar","atualizar"
"https://minitest.automaplay.com.br/promocao/bbf7efa9c992dee8d28ca68f31f9a8fe25e60ba9","SERRALHARIA SAO JOSE E CONSTRUCOES","larissafausto.ab@gmail.com"
"https://minitest.automaplay.com.br/promocao/9e30197aed5d57ae20d346b5ca316fe67b781a4d","MERCEARIA GOMES","atualizar"
"https://minitest.automaplay.com.br/promocao/20bf3025836d170ba321f0cd51a1946f0e9523d1","THIAGO-259","THIAGO-259@HOTMAIL.COM"
"https://minitest.automaplay.com.br/promocao/ccade60823179d0f0e742e7916b4f31d4735b28a","SAMIA-REGINA84","SAMIA-REGINA84@HOTMAIL.COM"
"https://minitest.automaplay.com.br/promocao/13a0ab66a08dc6f194a690ac67efdae02da30be7","CREDILAR","CASSIOLACERDA.CREDILAR@GMAIL.COM"
"https://minitest.automaplay.com.br/promocao/385a8ff69001ababbd95688addc7085d124974cc","CICERO ARAUJO DE SOUZA","jserafim@oi.com.br"
"https://minitest.automaplay.com.br/promocao/e12ca9604b8300ff725e035ee28ae1ad4d3650c2","EDUARDOAPARECIDOAL35","EDUARDOAPARECIDOAL35@GMAIL.COM"
"https://minitest.automaplay.com.br/promocao/7199c73d911e3c1099d6b27c91f43da3c240cc87","NATANLIMA50050","NATANLIMA50050@GMAIL.COM"
"https://minitest.automaplay.com.br/promocao/7a266ef4a09561ab1709b47c12c3397ba92bbe0c","COSMEJRH","COSMEJRH@GMAIL.COM"
"https://minitest.automaplay.com.br/promocao/8d810b16d1209c63b1d5ef9311836408236fbbf1","ELOIZEDAIANE","ELOIZEDAIANE@HOTMAIL.COM"
"https://minitest.automaplay.com.br/promocao/c98bcfb147e8316bafe34e0d9e97654a7455966d","R S MANUTENCAO","ODAIREPAMINONDAS@GMAIL.COM"
"https://minitest.automaplay.com.br/promocao/7304b8f0d82003c7af0f62dd2af0ab43b586e234","M L MADEREIRA E CONSTRUCAO","SVPAULOHENRIQUE@GMAIL.COM"
"https://minitest.automaplay.com.br/promocao/b24231f226d08df22db1083867ddcab643f2935a","lelinha_van_gl","lelinha_van_gl@hotmail.com"
"https://minitest.automaplay.com.br/promocao/f20bd3f310f847b97dbbdc5bcfa915c517ab96b4","CASIOS_","CASIOS_@IG.COM.BR"
"https://minitest.automaplay.com.br/promocao/18b679184cdecdf0dbfb3171bf52d7fafbac9c8c","atualizar","atualizar"
"https://minitest.automaplay.com.br/promocao/60f0c86c40ce52d089c5574d45e776f5c00239cc","EDMUNDORAIMUNDO222","EDMUNDORAIMUNDO222@GMAIL.COM"
"https://minitest.automaplay.com.br/promocao/9bc72280f33046307d90e8d39a7c434ed64b1d10","atualizar","atualizar"
"https://minitest.automaplay.com.br/promocao/f3437b3aa68ee20389e330489793f90bcad850b6","SYLVIA MEDEIROS PATRIOTA BRANDAO & COMPANHIA LTDA","atualizar"
"https://minitest.automaplay.com.br/promocao/e681f567efbd9255c19b5fcfb4008ed8790f9bd2","MARAASIQUEIRA","MARAASIQUEIRA@HOTMAIL.COM"
"https://minitest.automaplay.com.br/promocao/64a323097bd980d9b71344ed9b80d32ec4e74508","katiadequeirozzz","katiadequeirozzz@bol.com.br"
"https://minitest.automaplay.com.br/promocao/86d2f4d8189f3284e4e591038e2cbf32cbe30c10","JUNIORJMFERREIRA","JUNIORJMFERREIRA@GMAIL.COM"
"https://minitest.automaplay.com.br/promocao/d60e21b80e60672ef6596b2e2ab22d9a6545a4b4","atualizar","atualizar"
"https://minitest.automaplay.com.br/promocao/905b3a3c7d0d0ad5cad81a525bae634957e914ea","ELECTROMANIA2","ELECTROMANIA2@HOTMAIL.COM"
"https://minitest.automaplay.com.br/promocao/f01d0da5d4d59ed11449f79fcd855badc8002a6b","JOSINALDO STA CRUZ CONSTRUCOES","CONSTRUCOESJOAODOBOLO@HOTMAIL.COM"
"https://minitest.automaplay.com.br/promocao/96aa9c78b12a501d0377d581da4a2e5ddb8d646d","DAVYEVANGELISTA78","DAVYEVANGELISTA78@GMAIL.COM"
"https://minitest.automaplay.com.br/promocao/4181f6ff337fb499e8272011b045c770dfdf8a14","CASA DO AGRCULTOR","EDSON-LLIMA@HOTMAIL.COM"
"https://minitest.automaplay.com.br/promocao/1e0582fc43d076d424b20b212d80b3d448a1f766","MICHELJACKSON344","MICHELJACKSON344@GMAIL.COM"
"https://minitest.automaplay.com.br/promocao/e9c71eef457c92323c0540e72d3e111317461a98","LILYLACERDA19","LILYLACERDA19@HOTMAIL.COM"
"https://minitest.automaplay.com.br/promocao/a26ac9236ed5c970f966f22074060ddcaeee3a48","atualizar","atualizar"
"https://minitest.automaplay.com.br/promocao/d5bc00de61dc45e03ac0c45affff987116537c45","JECELIO.BARROZO2021","JECELIO.BARROZO2021@GMAIL.COM"
"https://minitest.automaplay.com.br/promocao/104a953b9ea78ab7fd64db4c9b495237bd77b8f4","MARIA APARECIDA DA SILVA DE MEDEIROS","JSERAFIM@OI.COM.BR"
"https://minitest.automaplay.com.br/promocao/1832cd7dbfbecb3b8c46273a38e802130ee63279","MD4003420","MD4003420@GMAIL.COM"
"https://minitest.automaplay.com.br/promocao/df598f86473d01988f47e94b512a9c99308305d8","MARLUCE","saerikson@hotmail.com"
"https://minitest.automaplay.com.br/promocao/12573727c400722e9f02558b8bb8798cba8f4d44","AUTO PECAS E ELETRICA","atualizar"
"https://minitest.automaplay.com.br/promocao/f6082feff06d2980e59f1187165c5141e9ca2177","OTICA SERTAO","CONTABILIDADE.SERTAO@KELMAX.COM.BR"
"https://minitest.automaplay.com.br/promocao/701e16e7b3da2c4bf2e6408676d320e40e17cd81","MARIA IZABEL SIQUEIRA VIEIRA","atualizar"
"https://minitest.automaplay.com.br/promocao/3a0cd3d17dc0cf0f107b90cf2f7c7a41904f31cf","ROBERTALIMA141516","ROBERTALIMA141516@GMAIL.COM"
"https://minitest.automaplay.com.br/promocao/a6d2ae9b819454600df7fbf094042763575d97f4","RSAURA.SALAO","RSAURA.SALAO@HOTMAIL.COM"
"https://minitest.automaplay.com.br/promocao/4b1585ebd4b446da7b6be252739b47a5ce96a58c","santosxjailson","santosxjailson@gmail.com"
"https://minitest.automaplay.com.br/promocao/389900c376a7f38f801d569801e8b5769d06e005","PEDRAS DO PARAISO","RAFAELCAMPOSBIOMEDICO@GMAIL.COM"
"https://minitest.automaplay.com.br/promocao/7c0dd2edd234ff979ecb43cda05ae5cb528f684a","TARCI_GIRL","TARCI_GIRL@HOTMAIL.COM"
"https://minitest.automaplay.com.br/promocao/5d52a80bded4bdf7daa9a18904da6317c1f639d9","atualizar","atualizar"
"https://minitest.automaplay.com.br/promocao/80c608cdf3d3f8fe89eeb6c91b7a91cc8ae62c5f","VCLIMA83","VCLIMA83@GMAIL.COM"
"https://minitest.automaplay.com.br/promocao/c3303b24b3017b4eb2d99446919645bac1e38565","GSAEEMPRESARIAL","GSAEEMPRESARIAL@GMAIL.COM"
"https://minitest.automaplay.com.br/promocao/01d39c3ed2a79ab97ae1c853cebb6eab9c59ff25","A BODEGA","MICHELLIVILAR@HOTMAIL.COM"
"https://minitest.automaplay.com.br/promocao/93b7a8f09e13846fae25fdc47f9737dd70ed8ab6","AS HORTIFRUTI","MAGODABANANA11@GMAIL.COM"
"https://minitest.automaplay.com.br/promocao/6094926f95c444ba29e7b335cc780c4aabe8c432","atualizar","atualizar"
"https://minitest.automaplay.com.br/promocao/9e1c8b9395d32e8b94bff0916a017c3d5a397e8b","JOJOVINI31","JOJOVINI31@GMAIL.COM"
"https://minitest.automaplay.com.br/promocao/d0a2181a174d60a14e43f702ffb8bc6fcaa0ab30","AGILDOTAVARES","AGILDOTAVARES@HOTMAIL.COM"
"https://minitest.automaplay.com.br/promocao/de31d90f4f8609b845c27de694ca85b103bbbd01","ALEXANDRE","ALEXANDRE@CONTROLLER-AL.COM.BR"
"https://minitest.automaplay.com.br/promocao/ddd63a63b409f79e12b83d3228187bf2c5651ef1","atualizar","atualizar"
"https://minitest.automaplay.com.br/promocao/b267a17667a8cb4bf7e2daf2182c33c54cb606b2","CLARISSADECLARA07","CLARISSADECLARA07@GMAIL.COM"
"https://minitest.automaplay.com.br/promocao/a51964d5c092bfd602633fc0aa6447e47f2886c3","ANTONIOFEITOSABARROSFEITOSA","ANTONIOFEITOSABARROSFEITOSA@GMAIL.COM"
"https://minitest.automaplay.com.br/promocao/d4a0ea8e5379b5177d5dd34cafdf4311f1767ca9","SUZIMARIANA-S","SUZIMARIANA-S@HOTMAIL.COM"
"https://minitest.automaplay.com.br/promocao/196c862ecb437328510ceec5c4b3e76add41f6f0","CLINICA OFTALMOLOGICA DANIELLA FERRAZ REGO LINS","PROFITCONT@OUTLOOK.COM"
"https://minitest.automaplay.com.br/promocao/77d0a13697b5b12bd1b4026868eb36bc578e69c1","lelel.atecubanos","lelel.atecubanos@gmail.com"
"https://minitest.automaplay.com.br/promocao/1a9ad8a351443f7132972fe10c55351e0166b3a8","PRISCILAXGR","PRISCILAXGR@HOTMAIL.COM"
"https://minitest.automaplay.com.br/promocao/a709cca38ecd2ebad1c9dfd6d8efbb3b55419b9e","BARONESA PIZZARIA","BARONESAPIZZARIA5@GMAIL.COM"
"https://minitest.automaplay.com.br/promocao/c68cd5521f6a6fb68cc61bcb6b5966d61f7c5267","erisvan.martins","erisvan.martins@outlook.com"
"https://minitest.automaplay.com.br/promocao/0407195d39a3a5e1e61a43fef86b363cbfd91630","MOVELARIAML","MOVELARIAML@GMAIL.COM"
"https://minitest.automaplay.com.br/promocao/0ea0cae72d8bac96013992b9d7362e6855bfb0af","FAZENDA ESPERANCA","PROFITCONT@OUTLOOK.COM"
"https://minitest.automaplay.com.br/promocao/9762f7cd42559ba46f240e014de7649873d107da","ARTHURLC97","ARTHURLC97@HOTMAIL.COM"
"https://minitest.automaplay.com.br/promocao/23379afc132f6f662a83dbd17086678132b5ca63","PADARIA E MERCEARIA BN","SOBREIRACONTABILIDADE2017@GMAIL.COM"
"https://minitest.automaplay.com.br/promocao/f57e0967eaf7a9075c3d9d7d3f84e5de31c068f8","ALADA SERVICOS MEDICOS E ODONTOLOGICOS","atualizar"
"https://minitest.automaplay.com.br/promocao/bf3102631d951fb71ecaa0df49912235b7683d91","M A B DA SILVA CONFECCOES","fia.isabela@hotmail.com"
"https://minitest.automaplay.com.br/promocao/c6a1eff4cd0d95609a9d85f3cded43847d74111d","TIA LUCY","nboliveira97@gmail.com"
"https://minitest.automaplay.com.br/promocao/dbfece3cbc3ac9e259f2c8a821f6a972673101d7","ANA.CECILIAA.GESTORAAXP","ANA.CECILIAA.GESTORAAXP@GMAIL.COM"
"https://minitest.automaplay.com.br/promocao/e4724f913cdd2eeff6393eec8ff7f5fd52b159d8","RICARDO.FEITOZA3103","RICARDO.FEITOZA3103@GMAIL.COM"
"https://minitest.automaplay.com.br/promocao/62f03bdf184396f8ad1df7aa5d7a7ac9ca77f105","JBATISTACELULARES","JBATISTACELULARES@GMAIL.COM"
"https://minitest.automaplay.com.br/promocao/154fd6dc4dc1b0baa22bfcd2b6b45946764ea2e6","atualizar","atualizar"
"https://minitest.automaplay.com.br/promocao/49453fd7b54a7c10f741a2a4f55a64e666cfb1c9","IGORABIME19","IGORABIME19@GMAIL.COM"
"https://minitest.automaplay.com.br/promocao/37901e97f559b8e98fe2474283e00cf71094c9c4","atualizar","atualizar"
"https://minitest.automaplay.com.br/promocao/4747c5c978f929d9cb1a4808fe34fe3139a5191e","SOBREIRAPAULO","SOBREIRAPAULO@HOTMAIL.COM"
"https://minitest.automaplay.com.br/promocao/98d8bfcd310290c9c94a292017cc18f48fd03865","marques.neto17","marques.neto17@gmail.com"
"https://minitest.automaplay.com.br/promocao/1096a5f1014c62ba8d1a9f0c7e0a4f27f1916584","ALANTOMAZDEMELO26","ALANTOMAZDEMELO26@GMAIL.COM"
"https://minitest.automaplay.com.br/promocao/51a3b617f1cc4c294b0e4cdde8e8e36415cdb8f3","FARMACIA SANTA MADALENA","V_LOPESOLIVEIRA@HOTMAIL.COM"
"https://minitest.automaplay.com.br/promocao/92b9f0193c8791bf6633a7f1c4601172ab046d06","SAVIONORAS","SAVIONORAS@GMAIL.COM"
"https://minitest.automaplay.com.br/promocao/125c85e67e4035c14f923ec97d4ecfd073eafac4","MARIADEFATIMASOUZAA76","MARIADEFATIMASOUZAA76@GMAIL.COM"
"https://minitest.automaplay.com.br/promocao/5512d371267217dc454ffc5c2a0c09c54f3d153f","CLARAMGC1","CLARAMGC1@GMAIL.COM"
"https://minitest.automaplay.com.br/promocao/11083da667699c7a2d14b6401a636dd732b0796e","LOOK MODAS","VANICEQUEIROZ@HOTMAIL.COM"
"https://minitest.automaplay.com.br/promocao/3e76585603c49c8026d671b3106e8d489ecb5bd5","rosanabarbosarodrigues8","rosanabarbosarodrigues8@gmail.com"
"https://minitest.automaplay.com.br/promocao/2e40fb2bc805e828895ef8adb3fe41694657ee0f","JTIAGOLSILVA23","JTIAGOLSILVA23@GMAIL.COM"
"https://minitest.automaplay.com.br/promocao/5a06e37e21c5e70c166690c13a5ba30b1c79f1fb","atualizar","atualizar"
"https://minitest.automaplay.com.br/promocao/c813262385d3f03595432c5e7de92269e107cfee","ROGACIANO.LIMA.BARBOSA","ROGACIANO.LIMA.BARBOSA@GMAIL.COM"
"https://minitest.automaplay.com.br/promocao/8c1687bf0204abc0a679ffbb54fc99dd190d3104","VINNYSANDES4","VINNYSANDES4@GMAIL.COM"
"https://minitest.automaplay.com.br/promocao/60c2610325eb1b87ca02e43979490fffcfb1dbf6","MARIAVIVIAN281","MARIAVIVIAN281@GMAIL.COM"
"https://minitest.automaplay.com.br/promocao/9f0bf70ee8435905abec695fe9eac48b1bbea82f","Jonas.michele59","Jonas.michele59@gmail.com"
"https://minitest.automaplay.com.br/promocao/2861c544216c45d3efed3090c52914ca9e809f82","TOTTY_MONTEIRO","TOTTY_MONTEIRO@HOTMAIL.COM"
"https://minitest.automaplay.com.br/promocao/77a8dbf00b0cca299c4d5109d79faf7e6f89331e","atualizar","atualizar"
"https://minitest.automaplay.com.br/promocao/8d752672c3011e8747ffbcf34a4d519c7a59ba73","CICERO DE SOUZA DA SILVA 77756002415","atualizar"
"https://minitest.automaplay.com.br/promocao/ead5abbbe43bfe7fca051594cc30037c138a8571","atualizar","atualizar"
"https://minitest.automaplay.com.br/promocao/eb0b60c2e0382e353e5f8dc20873e6930ed8700e","ELICHELMO TEOTONIO DA SILVA","atualizar"
"https://minitest.automaplay.com.br/promocao/3a19e797a0263908a3e0c1541096c0499be22cfe","ZULEIDE DE JESUS RODRIGUES","atualizar"
"https://minitest.automaplay.com.br/promocao/229d8102276481332575eb6b63792eb85eaf8689","DGNETPROVEDOR","DGNETPROVEDOR@GMAIL.COM"
"https://minitest.automaplay.com.br/promocao/5f3e5b1a67905a45290481a29075a72c5157795c","CONSTRUMIL","CONSTRUMIL.LTDA.CM@GMAIL.COM"
"https://minitest.automaplay.com.br/promocao/470d3a986dbea737290afda6a2ebfd12d2b55dd1","FARMAVIDA","FARMAVIDA.GERENCIA22@GMAIL.COM"
"https://minitest.automaplay.com.br/promocao/7d3784d83879861c23906182f5b84cbc55c4a045","ANDREZAVITORIA607","ANDREZAVITORIA607@GMAIL.COM"
"https://minitest.automaplay.com.br/promocao/fc44acd257cc0b5c88bfc28367c9de02d91d75a7","DAYANNE.CONTABILIDADE1","DAYANNE.CONTABILIDADE1@GMAIL.COM"
"https://minitest.automaplay.com.br/promocao/c2396c0de42dfd776482cc34503562e45f975455","JSERAFIM","JSERAFIM@OI.COM.BR"
"https://minitest.automaplay.com.br/promocao/ed5c4805e246e6066d54ffb3fb77ba2aa8f96e79","MERCADODEUSEFIEL2015","MERCADODEUSEFIEL2015@GMAIL.COM"
"https://minitest.automaplay.com.br/promocao/5f74123f752f1f9268f5a35d068a499cb3811a8e","ENGENHO SAO LOURENCO LTDA ME","www.fagnerventura2@hotmail.com"
"https://minitest.automaplay.com.br/promocao/fdaf03bc0903f7951e792087ee45a09667c4a1b3","OTICA GERMANY LTDA","OTICAGERMANYJR@GMAIL.COM"
"https://minitest.automaplay.com.br/promocao/fe64c7e7a0e2e850ff8d544163a4359f3343874e","junior.ajax","junior.ajax@hotmail.com"
"https://minitest.automaplay.com.br/promocao/055be0c20bfcdcac7381f62d243e17307bfbc512","JOAO_CARLOS.SSB","joao_carlos.ssb@hotmail.com"
"https://minitest.automaplay.com.br/promocao/036d13f4015cadd00012cecfd30488f54ab40d30","VANIOBATALHA","VANIOBATALHA@HOTMAIL.COM"
"https://minitest.automaplay.com.br/promocao/8e97813c192c33afe77e863db8bdf50409487d04","MARCELORUFINO250","MARCELORUFINO250@GMAIL.COM"
"https://minitest.automaplay.com.br/promocao/58f589ecabef18f97527b8b82e1f3721c5ff8d0e","NTONOLOPESSOUDEJESUS","NTONOLOPESSOUDEJESUS@GMAIL.COM"
"https://minitest.automaplay.com.br/promocao/869860be49ac59b2f5044ffd2ec1df7e7fd2f1e5","CASA DA RACAO NICOEMOS","ELISANDRODIASNICIDEMOS@GMAIL.COM"
"https://minitest.automaplay.com.br/promocao/7b424fd01e1ce8c5928888e297bf1f4fec4a441e","ATL SERVICOS EM TECNOLOGIA DA INFORMACAO","atualizar"
"https://minitest.automaplay.com.br/promocao/e528bd9f585fa0a56581c9f7a1c199d38ac90b57","EBERTONBETO2015","EBERTONBETO2015@GMAIL.COM"
"https://minitest.automaplay.com.br/promocao/774ad7c80d01018fac338c9330c5b076a377b039","HENRISOBREIRA1","HENRISOBREIRA1@GMAIL.COM"
"https://minitest.automaplay.com.br/promocao/fdd0e631cbc303bc02d64b1030ff01e830c81408","CONVENIENCIACAPIA2","CONVENIENCIACAPIA2@GMAIL.COM"
"https://minitest.automaplay.com.br/promocao/5d8cc0f0799cafc60ceea8c05c86c6bca3dd375a","atualizar","atualizar"
"https://minitest.automaplay.com.br/promocao/3de314d9101265261f5d83c38cd93bef646701d1","DISTRIBUIDORA DOIS IRMAOS","atualizar"
"https://minitest.automaplay.com.br/promocao/95cd5d10cbf2c8dffd8f42803c30401902e23271","polly105","polly105@hotmail.com"
"https://minitest.automaplay.com.br/promocao/ffd68892613934ac3e338370ab98d3eed565d996","WELLY472","WELLY472@GMAIL.COM"
"https://minitest.automaplay.com.br/promocao/4276b3aee71bb043aaadacc1706eaadd91b60480","CLUBEDOBETOAG","CLUBEDOBETOAG@GMAIL.COM"
"https://minitest.automaplay.com.br/promocao/4ed585d3b05c6138b32b426ddb61de999e835a61","atualizar","atualizar"
"https://minitest.automaplay.com.br/promocao/f094d7243d13e9dcbbc5a61a7ae27a2768f01c45","ESPORTES VARIEDADES","elizania1991@gmail.com"
"https://minitest.automaplay.com.br/promocao/c72c6ecc40e4446d48907de4a50d77b025cc3925","elianesiqueira2017201722","elianesiqueira2017201722@gmail.com"
"https://minitest.automaplay.com.br/promocao/1f35a10a03c8c68e45a1d36900edb06af612dbf5","DLIMA25494","DLIMA25494@GMAIL.COM"
"https://minitest.automaplay.com.br/promocao/717dbacfa2612a911693129329bef5af96abfee5","LOT CAR","atualizar"
"https://minitest.automaplay.com.br/promocao/453d85b5726071326f645cbae6f4c059ed2933d8","ALAN.DEARAUJO","ALAN.DEARAUJO@HOTMAIL.COM"
"https://minitest.automaplay.com.br/promocao/73e6b515caac8e393b691ac5237dc76c262f0a82","JR CONSTRUCOES","atualizar"
"https://minitest.automaplay.com.br/promocao/765e25ee65462e2656f968dda890a4b28d43f54c","atualizar","atualizar"
"https://minitest.automaplay.com.br/promocao/70e81a4623d72e17cdb8c474e587562fe36ce6a4","elsonjsandes","elsonjsandes@uol.com.br"
"https://minitest.automaplay.com.br/promocao/42714caa11bb2c07b606a01493ed06196efdfadc","rosangela_ufal","rosangela_ufal@yahoo.com.br"
"https://minitest.automaplay.com.br/promocao/cce7316bdfd6af10917c319a4077e973d7194583","ROBSONDANTAS112","ROBSONDANTAS112@GMAIL.COM"
"https://minitest.automaplay.com.br/promocao/4c740f9d9e5249e2adcde2b4178e85cbd51737b2","KAMIILLA29","KAMIILLA29@HOTMAIL.COM"
"https://minitest.automaplay.com.br/promocao/597d0ddbf84dcce7f6d85fd97055aadbe89624d4","BERNADETESOUZA770","BERNADETESOUZA770@GMAIL.COM"
"https://minitest.automaplay.com.br/promocao/949c2c4e12f0749e2becdbf1e357bb1b3302ca59","atualizar","atualizar"
"https://minitest.automaplay.com.br/promocao/5e7d09865f96fd383dd6f8688bb6d84b517f9a71","NOVA ERA SERVICOS","WILMAGAUDENCIO@HOTMAIL.COM"
"https://minitest.automaplay.com.br/promocao/7d6d3f7c3d7b517c865d677fa5d01aea3df1d88d","RADIO CORREIO ALAGOANO","RH@CONSULPLANCONTABIL.COM.BR"
"https://minitest.automaplay.com.br/promocao/3d9ef1f508f98de1fb8ca61deaa9be417bce1ac6","LILIANE APARECIDA SILVA FEITOZA","LILIANEAPARECIDA0825@GMAIL.COM"
"https://minitest.automaplay.com.br/promocao/67d2b496531b0b06a696c6eebf4d93716cd58f16","MERCADODEUSEFIEL2015","MERCADODEUSEFIEL2015@GMAIL.COM"
"https://minitest.automaplay.com.br/promocao/decd5c29e838dd9261b5f7d90e7613737ec53ecf","atualizar","atualizar"
"https://minitest.automaplay.com.br/promocao/ccc6c617dd5a3732ed278e8a4da13f2e349430bd","REGINALDO.GS2021","REGINALDO.GS2021@GMAIL.COM"
"https://minitest.automaplay.com.br/promocao/01df9e017b37e8ebf09b243b72d059e935a1c76b","atualizar","atualizar"
"https://minitest.automaplay.com.br/promocao/ca4bd2c29bbdbafcc6ae0d439516598a8442189e","JPCONFECCOES2019","JPCONFECCOES2019@HOTMAIL.COM"
"https://minitest.automaplay.com.br/promocao/b9f34fdc838a514b8cd7cb2b1045c59dc5ab918b","atualizar","atualizar"
"https://minitest.automaplay.com.br/promocao/eaf631d198fb1a72588649f3daf7d6b82f9f107e","atualizar","atualizar"
"https://minitest.automaplay.com.br/promocao/f9b76a718e08b138c4f1ca1cd10b2251337971e2","CARLOS.MIGUELFAUSTO2017","CARLOS.MIGUELFAUSTO2017@GMAIL.COM"
"https://minitest.automaplay.com.br/promocao/c573fee223b70ee47c5a26282c946b4c9f1b3c0f","CRAIBA CONSTRUCAO","jserafim@oi.com.br"
"https://minitest.automaplay.com.br/promocao/3dbd46fcf6c79905e0b989978590c9a27cd222d8","rogeriomello192","rogeriomello192@hotmail.com"
"https://minitest.automaplay.com.br/promocao/b18e103dbf97f95ba64f999e2b2d98381ad21b75","MARISA MODAS","atualizar"
"https://minitest.automaplay.com.br/promocao/97380807b1b305e89a11778d8fc3faa60842e6d4","MICHAELCALHEIROS37","MICHAELCALHEIROS37@GMAIL.COM"
"https://minitest.automaplay.com.br/promocao/43eba21c866c1a9fcd2b6037f8a984af2ca9119c","SANTA BRANCA ALIMENTOS","sandro-al@bol.com.br"
"https://minitest.automaplay.com.br/promocao/5c1655946241cbbe8c5d6aae7ad02a0f9d8e53c7","J.E.S REPRESENTACOES","EVERALDOSANTOS166@GMAIL.COM"
"https://minitest.automaplay.com.br/promocao/75d29c93092d15d256b46af0b0c0ffb83fe7394f","BERENICEMARIA1972","BERENICEMARIA1972@GMAIL.COM"
"https://minitest.automaplay.com.br/promocao/ee7331ce5ebc7a2f66413a3e5b14b0d5653454a6","ADELAINE GOMES DOS SANTOS","atualizar"
"https://minitest.automaplay.com.br/promocao/404bb6b6f5dcd210893c93c940d277517e094088","MERCADODEUSEFIEL2015","MERCADODEUSEFIEL2015@GMAIL.COM"
"https://minitest.automaplay.com.br/promocao/ef6561c916cbf0c792729a2b39afd42f0612f038","ELECTROMANIACLIENTE90","ELECTROMANIACLIENTE90@GMAIL.COM"
"https://minitest.automaplay.com.br/promocao/c972bad09a6eceffa6c151729eac9817e63ea216","RICHELINELIMA","RICHELINELIMA@GMAIL.COM"
"https://minitest.automaplay.com.br/promocao/b86cee73b8525f987fb202c8b5d4345987603c7f","cidaceisantos","cidaceisantos@gmail.com"
"https://minitest.automaplay.com.br/promocao/9b720792631bf4dbbc68dd706711c617c0b5fa24","CAMPOSCICERO33","CAMPOSCICERO33@GMAIL.COM"
"https://minitest.automaplay.com.br/promocao/b2e99de0467b8dd1ccfac43cb0c9992a16f91d04","GUICONSTRUCAO","GUICONSTRUCAO@GMAIL.COM"
"https://minitest.automaplay.com.br/promocao/750241a13acfdf9694f68b4b9f242003d6ce41a3","PITANGA","capse@capsecontabilidade-al.com.br"
"https://minitest.automaplay.com.br/promocao/7e1667411f2d8cefa32b63e6abc3c488784817e8","larissafausto.ab","larissafausto.ab@hotmail.com"
"https://minitest.automaplay.com.br/promocao/8b3aa5c3f7ddae35c6e8ab734c3683fef9dc54aa","FABIO DOS SANTOS SILVA","fabio.dos.tc@hotmail.com"
"https://minitest.automaplay.com.br/promocao/3eb71fb681086cf8d08ab26d8f1ba27c8f6c2898","FERNANDO_ZORO","FERNANDO_ZORO@HOTMAIL.COM"
"https://minitest.automaplay.com.br/promocao/d7e524769ed9894cad340d84b234d277536feb6b","BARDODAL","BARDODAL@HOTMAIL.COM"
"https://minitest.automaplay.com.br/promocao/4bea4a52861775a8166641635ce665f4d71d4873","LINDOLFOFREIRECAMPOS","LINDOLFOFREIRECAMPOS@GMAIL.COM"
"https://minitest.automaplay.com.br/promocao/e9980937e80c8f7ce8faea7daf71270b778c05c4","ANACRISTINA202333","ANACRISTINA202333@GMAIL.COM"
"https://minitest.automaplay.com.br/promocao/bde66dc9d03b546334efec270eeba44dee363d0f","J.F.CALCADOSEVARIEDADES","J.F.CALCADOSEVARIEDADES@GMAIL.COM"
"https://minitest.automaplay.com.br/promocao/7302e67af15254b0e8081df3fc9a3246ec70170b","IANES.CAMPOS.IANES","IANES.CAMPOS.IANES@GMAIL.COM"
"https://minitest.automaplay.com.br/promocao/f239f49ee5a972c4cb008b3166f0f35fd3d10804","atualizar","atualizar"
"https://minitest.automaplay.com.br/promocao/e14b530e66d2aa05dfcf2ece4cd1ae13f51631ec","SOBREIRACONTABILIDADE2017","SOBREIRACONTABILIDADE2017@GMAIL.COM"
"https://minitest.automaplay.com.br/promocao/64fc35070411d7250a1309d17d59fc15b4a8ff03","LABORATORIO DE PROTESE","atualizar"
"https://minitest.automaplay.com.br/promocao/ce931bee83941569dac7b982111f87beda6e760c","PAULOCAMPOS986","PAULOCAMPOS986@HOTMAIL.COM"
"https://minitest.automaplay.com.br/promocao/63f8cec09cf6e3b43a5053a442604fda9e896694","ROSANIA33","ROSANIA33@HOTMAIL.COM"
"https://minitest.automaplay.com.br/promocao/a7717b8acd98dadee975970977849b26909c02c6","DAVI.BERNARDOSANTOS2019","DAVI.BERNARDOSANTOS2019@GMAIL.COM"
"https://minitest.automaplay.com.br/promocao/d55d582042e7b9ba99cd618d792902af3cd12ee9","CONSTRUTORA E EMPREENDIMENTOS JOAO DO BOLO","CONSTRUCOESJOAODOBOLO@HOTMAIL.COM"
"https://minitest.automaplay.com.br/promocao/fdd16a207b1635b64da6666dc5026bd127476107","abate 02",
"https://minitest.automaplay.com.br/promocao/f770847db8e249494ac4879d1e8cb9b0844dde50","teste renovacao",""
"https://minitest.automaplay.com.br/promocao/02915f945ba03da55aba38434732529b23d42292","JOAOVICTORSILVASILVA47","JOAOVICTORSILVASILVA47@GMAIL.COM"
"https://minitest.automaplay.com.br/promocao/b9e2dd1e96e742c671eb151f5da089b200741d92","NOIAARAUJOL","NOIAARAUJOL@GMAIL.COM"
"https://minitest.automaplay.com.br/promocao/b175f0d123cabf49785f6b06eaa8b2eabea73b73","SUPER FITNESS","EVANDROTSTCARVALHO@HOTMAIL.COM"
"https://minitest.automaplay.com.br/promocao/9c026611b2c2a437635e5716f8e3f6709f03f47b","AMANDASOUZAAB127","AMANDASOUZAAB127@GMAIL.COM"
"https://minitest.automaplay.com.br/promocao/b081591da7ad2a70abda9eb4c52e34f576673d40","joserilton","joserilton@hotmail.com"
"https://minitest.automaplay.com.br/promocao/6267bb0c0fbcac51e32340bb6eda0a042e9fd05f","MACIELSILLVA88","MACIELSILLVA88@HOTMAIL.COM"
"https://minitest.automaplay.com.br/promocao/ed1c77b5817d8a7031063549959f7b0b80f4a410","CONTABILIDADEMATUZALEM","CONTABILIDADEMATUZALEM@GMAIL.COM"
"https://minitest.automaplay.com.br/promocao/df9b02892864f8fbf4979a47fa20887acf90afdb","MARIAMARIANA_SILVA","MARIAMARIANA_SILVA@HOTMAIL.COM"
"https://minitest.automaplay.com.br/promocao/b3b4ead641ace747ce7042fc487e2fa62be80f50","VALMIRDDA","VALMIRDDA@HOTMAIL.COM"
"https://minitest.automaplay.com.br/promocao/6ff1ddca7fd7bfcfa6098407b9e5b2d572b394fa","FARMACIA DO TRABALHADOR DE AGUA BRANCA","FCONTAB_@HOTMAIL.COM"
"https://minitest.automaplay.com.br/promocao/56d6db0a68f7d43105ae92faaaac2c12d7146d0e","claudiolnoia73","claudiolnoia73@hotmail.com"
"https://minitest.automaplay.com.br/promocao/0d1b3b4adeb28603b9fbcf1a4b49754b64def40e","MARQUES.MILENA.FEITOZA","MARQUES.MILENA.FEITOZA@HOTMAIL.COM"
"https://minitest.automaplay.com.br/promocao/2772d208392ac623a1499d9b5011047fe062263a","JUNIOR.SIMPLICIOADV","JUNIOR.SIMPLICIOADV@GMAIL.COM"
"https://minitest.automaplay.com.br/promocao/9fd7bcb9256a04be9fa6aa877c4cba1a867bf383","atualizar","atualizar"
"https://minitest.automaplay.com.br/promocao/a87a12569da527a95bc1a9df672bf69c7ddc996b","EDSONDIAS7074","EDSONDIAS7074@HOTMAIL.COM"
"https://minitest.automaplay.com.br/promocao/8b3460a662dd2b2e2db2c8fd0e83ebfba4c3067a","DANDE.ANDERSON20","DANDE.ANDERSON20@GMAIL.COM"
"https://minitest.automaplay.com.br/promocao/4f115cff9731ccb81ecd77d2e9216227db71c927","EVERTONMENEZES425","EVERTONMENEZES425@GMAIL.COM"
"https://minitest.automaplay.com.br/promocao/706ed37a25a16494e2d8baf260bd1867ec918cfa","fk.bezerr","fk.bezerr@hotmail.com"
"https://minitest.automaplay.com.br/promocao/5ae6e2aa8be6ae7442917cf334e76a1f1beba331","JLUIZEN","JLUIZEN@HOTMAIL.COM"
"https://minitest.automaplay.com.br/promocao/f972cb673ed45fae1f80a9e47b395f7607d78de6","VANDERLEI LIMA DE OLIVEIRA","clientes2005@ig.com.br"
"https://minitest.automaplay.com.br/promocao/f21aa6682d6bfed4bfe2424a23a1bd2ea07d810b","atualizar","atualizar"
"https://minitest.automaplay.com.br/promocao/ca85323715240106e5eb3516ba821b4ba328ae58","EMBALAGENS-JR","EMBALAGENS-JR@HOTMAIL.COM"
"https://minitest.automaplay.com.br/promocao/29951dadec1897cb58e83f308f53f7bc092cd50b","TUDOFE2023","TUDOFE2023@GMAIL.COM"
"https://minitest.automaplay.com.br/promocao/662f96979a072bb2c9e938c566dc5738a76529c4","TIBURTINOPEREIRAEMANUELA","TIBURTINOPEREIRAEMANUELA@GMAIL.COM"
"https://minitest.automaplay.com.br/promocao/1e1a54b4e26b9948812ff53d98b210a14892dc12","DORAFERREIRA894","DORAFERREIRA894@GMAIL.COM"
"https://minitest.automaplay.com.br/promocao/be3e1581ba891df7d14bddb9a6448569c354cc66","atualizar","atualizar"
"https://minitest.automaplay.com.br/promocao/52d60377ccb976b994804c193e9c32c9a26a3ec6","najillacristina","najillacristina@gmail.com"
"https://minitest.automaplay.com.br/promocao/c9177a380a0ebbcc8a237e676de26707f5cecefb","CLACERDA915","CLACERDA915@GMAIL.COM"
"https://minitest.automaplay.com.br/promocao/28b01cb018fbc94d08583c6b3c6144408138d439","LUCIANA RAMALHO DAMASCENA","AC.ANDREACONTABILIDADE@HOTMAIL.COM"
"https://minitest.automaplay.com.br/promocao/9f2f0edf313861a171fc1e2f7bcf046d4b560acb","MERCADINHOEDUARDO","MERCADINHOEDUARDO@HOTMAIL.COM"
"https://minitest.automaplay.com.br/promocao/7586be3f2215d2616bffa5ec050aadee126a79a1","GUSTAVOTORRES.ADV35","GUSTAVOTORRES.ADV35@GMAIL.COM"
"https://minitest.automaplay.com.br/promocao/ec28bce3f28cf6a2cd1672928a372e42cf673c2a","FREIRESINTIA","FREIRESINTIA@GMAIL.COM"
"https://minitest.automaplay.com.br/promocao/fb17185ce2b862c02b45534e8cacdb4f15e1c886","JINOCENCIO93","JINOCENCIO93@GMAIL.COM"
"https://minitest.automaplay.com.br/promocao/10b84c8b788128942a46fe5fa60f47efadeae5b6","CASA DA MADEIRA","GUICONSTRUCAO@GMAIL.COM"
"https://minitest.automaplay.com.br/promocao/e3e22ea6ebe47fe8730eee8aaf10d78f9aeb2e32","ALCILANE.08","ALCILANE.08@GMAIL.COM"
"https://minitest.automaplay.com.br/promocao/af8783943fa3045f6b4d76371fc695352b7ffa4b","SITIORECANTODASAROEIRAS","SITIORECANTODASAROEIRAS@GMAIL.COM"
"https://minitest.automaplay.com.br/promocao/92a901e91eeb589a9cea781f791e5d3b7215f5d0","DAVIXZC223","DAVIXZC223@GMAIL.COM"
"https://minitest.automaplay.com.br/promocao/8c2160413dfcd68f79247753cbcc699bdfe37de1","MARIAAPARECIDA.DANTASBARROS","MARIAAPARECIDA.DANTASBARROS@GMAIL.COM"
"https://minitest.automaplay.com.br/promocao/655d68ea46a2d80d9090908b10c5c8bc6cf3b2f3","INEZTEIXEIRA894","INEZTEIXEIRA894@GMAIL.COM"
"https://minitest.automaplay.com.br/promocao/60b9b2a6235453873d7d39c1eb6458e2beeb46bd","fagnerventura2","fagnerventura2@hotmail.com"
"https://minitest.automaplay.com.br/promocao/c073ba2a9e723193898be9240c6fecc3980a7075","CLEECIATEC","CLEECIATEC@HOTMAIL.COM"
"https://minitest.automaplay.com.br/promocao/fdd49037fa71b403e8bb97e77285f2a95b2cc563","CICINHOCPTSERTAO","CICINHOCPTSERTAO@YAHOO.COM.BR"
"https://minitest.automaplay.com.br/promocao/c33967a2808afb0ba1a997e8685af0a4ea6c158f","atualizar","atualizar"
"https://minitest.automaplay.com.br/promocao/3ccb1a69f6524011a157f8324851f730d085554c","LIMABBRUNO","LIMABBRUNO@HOTMAIL.COM"
"https://minitest.automaplay.com.br/promocao/34aa20a1625b8e6a5790c3a99b915e494458b6f7","FISCAL","FISCAL@CONTABILIZA-AL.COM.BR"
"https://minitest.automaplay.com.br/promocao/ecc0c275e5b9d1b943b2320d46fef323216395fb","ACADEMIA MULTI PERFORMANCE ISOMFLEX","SOBREIRACONTABILIDADE2017@GMAIL.COM"
"https://minitest.automaplay.com.br/promocao/71761c9918a542db56e6f1f171e322c19b9085b7","gomes-jacson","gomes-jacson@ig.com.br"
"https://minitest.automaplay.com.br/promocao/3b688aa44ec29951540d77d95420b6259d23fa53","SOBREIRACONTABILIDADE2017","SOBREIRACONTABILIDADE2017@GMAIL.COM"
"https://minitest.automaplay.com.br/promocao/b1f9b900a4428bfe30154c16b358adfa211e5a8b","FATIMAFERREIRA2812","FATIMAFERREIRA2812@GMAIL.COM"
"https://minitest.automaplay.com.br/promocao/56c30b89a6c59798b1065ad3559b9d3478bf68d7","MARQUIINHOSLLIMA","MARQUIINHOSLLIMA@OUTLOOK.COM"
"https://minitest.automaplay.com.br/promocao/01ef1642833d2fbd946a085e80e1e68ebccf2d35","DROGARIA DUARTE'S","atualizar"
"https://minitest.automaplay.com.br/promocao/4a33e93a6cc320974cec7ca141dd0a326f296018","VALDEMIRBIOLOGIASANTOS","VALDEMIRBIOLOGIASANTOS@GMAIL.COM"
"https://minitest.automaplay.com.br/promocao/a43a51284b0467900868443794bd3524728b7410","DORINHA LOCACOES","atualizar"
"https://minitest.automaplay.com.br/promocao/ebf5c3060cd91ee2221374ff92d9138fc3e07c61","CASA E CLOSET","FAGNERVENTURA2@HOTMAIL.COM"
"https://minitest.automaplay.com.br/promocao/a0d58670e85df16d09b7ca67638a6e3423e887f9","v_lopesoliveira","v_lopesoliveira@hotmail.com"
"https://minitest.automaplay.com.br/promocao/3d752bbd063409923364d67fed688c706c477a7f","CASA LOTERICA TRES IRMAOS","CASALOTERICAPAISEFILHOSLTDA@HOTMAIL.COM"
"https://minitest.automaplay.com.br/promocao/31a31d725026178556540f0b776c078cc74b420a","CERVEJARIA MARIA BODE","MBCERVEJARIA@GMAIL.COM"
"https://minitest.automaplay.com.br/promocao/f227163c40eb8296c3b7dc835617754e4d44aa95","CLAUDIOALVESP918","CLAUDIOALVESP918@GMAIL.COM"
"https://minitest.automaplay.com.br/promocao/95d6d0c025a408172ce335eb4715a31b4edaf20c","SAMUELSOBREIRA01","SAMUELSOBREIRA01@GMAIL.COM"
"https://minitest.automaplay.com.br/promocao/cb66f739e51a791d3053b6a59bbfb2856a314916","antoniodel1","antoniodel1@hotmail.com"
"https://minitest.automaplay.com.br/promocao/87a53b48cd40a76d7464ac408970c029f0322078","joao_carlos.ssb","joao_carlos.ssb@hotmail.com"